,profitable
11211,0
23938,1
26729,0
8138,0
28023,0
27826,0
12975,1
3155,1
30051,0
1690,1
38557,0
40705,0
308,0
2087,1
40398,0
35008,0
1258,1
46462,0
12305,1
32664,0
27105,0
3457,1
22781,0
15838,1
2989,0
27855,1
26050,0
10612,1
12386,1
12839,0
21843,1
38949,1
25426,0
12293,1
4733,1
21409,0
44674,0
3414,1
44367,0
37329,1
5798,1
33857,0
11402,1
36250,1
18218,1
9723,0
5403,0
2555,0
20883,0
4511,0
155,1
36851,1
2729,0
2647,1
24,1
44714,0
41183,1
44605,0
41840,0
43004,0
1691,1
2185,0
11286,0
21256,0
1933,1
5373,1
38164,1
13437,0
5989,1
480,1
1388,0
39850,0
39291,0
31426,0
20853,0
16003,1
24343,1
25984,0
3648,1
1379,1
32272,0
7262,1
33393,0
15667,1
11664,1
40012,0
1031,0
20411,0
29620,0
13825,0
6763,1
18690,1
24622,0
2957,1
7232,1
28893,0
23658,0
10284,1
40207,0
23114,0
1863,1
24527,0
16646,1
16859,1
16973,0
11220,1
14730,1
30204,0
35812,0
2134,0
5363,1
4528,0
27455,0
30152,0
18267,0
45721,0
41157,1
18799,1
11194,0
2625,1
219,1
3332,1
12826,0
106,0
4954,1
8,1
1277,1
7981,1
43480,0
32411,0
512,1
12787,1
2317,1
6455,1
10806,0
36278,1
36101,0
2576,1
11555,1
1035,1
21039,1
40288,1
2319,1
6099,1
6873,0
24180,0
8529,0
18985,1
28796,0
21402,1
1680,1
21323,1
23555,1
28139,1
25051,0
39465,0
23316,0
8760,0
22185,1
15115,1
37104,1
18979,1
6386,0
43870,0
46084,0
26263,0
10070,1
9423,1
24276,1
8848,1
10797,1
4404,0
7420,1
7179,1
18228,0
27675,1
14275,0
49,1
43736,0
896,1
11795,0
33875,0
27904,0
4067,0
17928,0
22607,1
18176,0
19856,0
2164,1
43059,0
5302,1
18043,0
3673,1
23230,1
32775,0
7309,1
2828,1
44351,1
16807,1
4316,1
29306,0
1468,1
5936,1
7492,0
43309,0
1093,1
26004,1
2384,1
36748,0
17940,1
3590,1
25057,0
46401,1
34569,0
2327,1
1816,0
26371,0
36387,0
11025,1
5492,1
28190,0
23800,0
643,1
14044,1
12013,1
33107,0
30727,0
42855,0
317,0
42526,0
46078,0
33696,0
23445,0
5623,1
19107,1
38829,0
2886,1
6853,0
2562,1
23667,1
16855,1
29069,0
3320,1
43964,1
30528,1
32246,0
20467,1
37947,0
36182,0
228,1
6234,1
746,0
22466,0
39187,0
35157,0
14483,1
2774,1
31802,0
44555,0
24359,1
18749,1
13951,1
336,1
37434,0
16696,0
45468,0
27362,1
25251,1
42682,1
24265,0
8040,0
45331,1
10383,0
15969,0
9610,1
41121,1
17141,1
28787,1
21821,0
20509,0
21942,1
32075,1
38910,0
42891,0
40643,1
648,0
40620,0
28316,0
14731,0
26,1
41017,0
22837,0
15971,0
1398,0
918,1
12560,0
1555,1
4100,1
43808,0
30468,0
8330,1
17641,0
19989,0
2061,1
2669,1
1291,0
13243,1
27552,0
40465,0
32349,0
25010,1
36955,0
29994,0
44076,0
38894,0
41544,1
2346,1
44335,0
10069,0
4651,0
11473,1
38934,0
4356,1
22612,1
44500,1
18177,1
42616,0
11969,1
27381,0
13601,1
11042,1
17629,1
20452,0
32652,1
34669,0
13118,1
40206,1
4496,0
14127,1
10842,0
35006,1
841,1
12124,1
13813,1
11913,1
12520,0
4674,0
37537,0
2265,0
12475,0
7743,1
15375,0
6142,1
11837,0
30553,0
37181,0
32525,0
19302,1
1203,1
42743,0
16945,1
45303,0
23789,1
23992,0
15409,0
14292,0
2529,1
39974,0
41318,0
23075,0
11518,1
10265,1
36623,0
12881,1
20180,1
10381,1
16647,1
32408,0
17068,1
3455,1
1068,1
23084,0
14821,0
9947,1
28001,0
19550,0
7146,1
25083,0
24195,1
2626,1
7189,0
38867,0
46566,0
10304,1
4266,0
41562,0
39005,0
6714,1
39098,0
17003,1
9486,1
39488,0
31885,0
13308,0
3823,1
5210,1
27335,0
30538,1
21977,0
24924,0
7470,0
24280,0
16225,1
1871,1
43681,0
14949,1
26779,1
12999,1
16637,0
46615,0
18250,0
2812,1
699,0
22985,0
40062,0
4704,0
24898,0
16521,1
6443,1
44420,1
43841,0
12916,0
6816,0
20536,1
7201,1
29769,0
903,1
12162,1
777,1
7,0
3890,1
15946,0
14803,1
28653,1
1557,1
22033,1
30756,0
33389,0
43335,1
2209,1
1021,1
878,1
22391,0
2390,1
42876,0
26543,0
15151,0
2770,1
13871,1
39967,1
8185,0
16050,1
21280,0
45029,0
17319,1
21425,0
19209,1
42569,0
41454,0
21119,0
18615,0
45,1
22410,0
11842,0
19504,0
33609,1
40796,1
36776,1
42618,0
8328,1
10466,0
2005,1
11366,0
2864,1
36543,0
34109,0
31949,0
6143,1
2528,0
41452,0
4272,1
1267,1
16374,1
44085,0
16001,0
6303,1
15406,1
42256,0
42706,1
1269,1
11105,1
18107,0
37564,0
18434,1
41188,1
44537,1
18686,0
38793,0
23664,0
15733,0
11465,1
19914,1
8241,1
15455,0
38366,0
33301,1
6359,0
24168,0
35432,0
9824,1
12600,0
11346,0
9820,1
8514,0
26832,0
6008,1
16389,1
19916,1
20225,1
44019,1
24648,0
38922,0
44148,1
42438,0
31409,0
44487,0
18666,0
1980,1
5218,0
2553,1
30182,0
15334,1
12278,1
16142,0
2217,0
2180,1
10303,1
16185,0
10919,1
26687,0
35738,1
767,1
2335,1
13079,0
3334,1
23840,1
35354,0
20725,0
4525,1
41185,0
35739,1
4735,0
2329,1
30150,0
24379,0
33504,0
7261,1
29735,0
8302,0
28553,0
865,0
39561,0
5003,0
5414,1
1387,1
23192,1
45921,0
42518,0
23245,1
4180,1
21271,0
39418,0
7034,1
2554,0
11449,0
24177,0
33156,1
43232,0
11044,1
9,1
13744,0
45960,0
22563,0
45866,0
5585,1
42222,1
17112,0
5355,1
35577,1
24171,0
3903,1
26519,0
26790,0
42114,0
9550,1
23139,1
7062,0
41147,0
35658,0
16780,1
1859,1
5153,1
19375,0
261,1
25335,0
5755,1
21534,0
30344,1
21137,0
2459,1
37375,0
43529,0
26716,0
967,1
1307,1
12898,0
5511,1
4890,1
25393,1
9603,1
15517,0
30944,0
20254,1
30885,1
21661,1
7190,1
5612,1
3167,1
9247,0
5883,1
30457,0
110,1
14388,1
16004,0
35691,1
19460,0
19729,0
36910,0
9554,0
1902,1
20544,1
22249,0
32296,0
18987,1
38082,0
5533,0
7725,1
1192,1
26937,0
12205,1
27293,0
6309,1
39733,0
19722,0
11418,1
1274,1
35436,0
28239,0
21849,0
12099,0
9557,0
21186,0
37100,0
38056,0
14161,0
14695,0
10695,0
4432,1
4285,0
29947,1
44984,0
9964,0
7590,0
46398,0
20213,0
8799,0
34652,0
39121,0
42442,1
38018,1
37497,1
10638,1
21939,1
21572,0
3637,1
28922,0
42229,0
20723,0
23774,0
1882,1
44143,0
14404,1
41530,1
6783,1
29044,1
5088,1
17084,0
38213,1
7335,1
37271,1
27198,0
29670,0
38410,0
44648,0
36469,0
11443,1
9895,1
334,1
43491,0
2982,1
38617,1
27252,0
39813,0
6764,1
6705,1
1709,1
12880,1
4166,0
37316,0
46413,1
11468,1
22860,0
12482,0
34214,0
21793,0
41992,0
27124,0
11674,1
15271,0
38404,0
34934,1
45030,0
11375,0
4049,1
10571,1
17754,0
19952,0
23654,0
2779,1
17125,0
9893,1
17286,1
4169,1
2703,1
14218,1
723,1
42956,0
21659,1
16815,0
31180,1
24831,0
5990,1
23276,1
21114,0
10105,1
8412,0
12198,1
11692,1
30237,0
30179,0
36067,1
19394,0
20125,1
17472,1
41193,1
5460,1
23617,1
36591,0
42953,0
29561,1
35498,0
19096,1
31796,0
35971,0
18208,0
1163,1
30846,0
13398,0
28588,0
39439,0
20941,0
31475,0
16294,1
28498,0
2679,0
21269,1
13843,1
19875,0
1923,1
45082,0
3577,0
273,1
16889,1
4033,1
5965,0
35697,0
7395,0
4239,1
30610,1
30892,0
19442,0
37488,0
42728,1
8130,1
9342,1
9786,1
39009,0
7869,0
7170,1
25152,0
37988,0
33537,0
23137,0
5176,1
27219,0
8391,1
45275,1
29810,0
34465,0
8054,0
45048,0
19786,1
46022,0
14399,0
33416,0
3004,0
17428,1
3833,1
12188,1
4624,0
5879,1
35873,0
14072,0
2924,0
20120,1
45857,0
4744,1
40315,0
15755,0
3373,1
19408,1
19497,1
26784,1
26664,0
580,1
485,1
25390,1
42020,0
18056,0
12732,1
23103,0
42315,0
28850,0
11274,1
23333,1
2383,1
42627,0
2546,1
12990,1
25134,0
22949,0
44171,0
27032,0
40372,1
35315,1
8738,0
8520,0
12473,1
9091,1
34421,0
24847,1
21913,0
37045,1
15408,0
3766,1
17920,0
46136,0
216,0
44991,0
8307,0
29736,1
42834,1
21418,1
10955,0
14797,1
6908,1
13520,0
15043,0
8977,1
35554,0
22037,1
32053,0
4358,1
8418,1
10891,1
12533,1
14195,1
21158,0
33654,0
16679,1
20415,1
11654,1
22588,0
31336,1
1515,1
38548,0
8014,1
19544,1
16678,0
38134,1
4360,0
23968,0
28738,0
29334,0
25876,0
42192,0
6771,1
26989,0
8499,0
44033,0
36133,0
22907,1
23449,1
2043,1
22083,0
21093,0
19780,1
5690,1
1434,1
25245,1
28484,0
12116,1
32164,1
3543,1
17222,0
10131,0
37529,0
19185,1
7222,0
41753,0
24480,1
13733,0
31172,0
35263,0
31050,0
10551,0
21275,0
7809,1
10939,1
11007,1
20949,0
9424,0
37496,1
26759,0
23826,1
917,1
10933,0
7707,0
39460,0
7077,1
193,1
25823,1
13083,1
20352,0
45323,0
7294,1
11272,1
17027,1
4606,1
16830,1
39849,1
4581,1
6101,1
20727,0
6583,1
13944,1
35272,0
4302,1
12897,1
26338,0
22102,0
32526,0
35995,1
33913,0
2001,1
28151,1
13111,1
33647,0
13804,0
43605,0
22016,1
34766,0
2236,1
5322,0
32686,1
5276,0
20744,0
32998,0
4725,1
44610,0
546,1
30293,0
17547,1
9692,1
17559,0
1992,1
43868,1
7263,1
6910,1
23089,0
35248,0
6730,1
30864,0
21646,1
536,1
23430,1
5081,1
314,1
3972,0
45983,1
27981,0
6276,1
14279,1
18983,1
10420,1
27149,0
7468,0
31150,0
44809,1
3409,0
35352,0
20329,1
11024,0
44243,0
17566,1
29945,1
43813,0
9340,0
38534,0
29611,0
36852,1
19113,0
11581,1
19808,0
14467,1
29170,0
33254,0
12838,1
42434,0
3434,1
35748,0
26893,0
3433,1
25326,0
9556,1
12462,1
8891,1
27942,1
4656,1
17314,0
4137,0
6361,0
45489,0
43369,0
19532,1
1831,1
10711,1
4214,1
5388,1
44379,1
30518,0
43355,0
43249,0
32370,0
42417,1
3272,1
27680,0
1180,1
46219,0
2101,1
42668,1
32711,0
16965,1
34768,0
35853,0
1906,1
46,1
37572,0
23018,0
44740,1
19405,0
1924,1
1318,1
17155,1
12708,0
29895,1
2741,0
7009,1
3721,0
14466,0
22146,1
34959,0
24017,1
39178,0
10499,1
42171,0
33096,1
14736,1
30486,0
26219,0
1067,1
3161,1
1360,1
2420,1
5394,1
22629,0
1861,1
11701,1
23661,1
17401,1
44517,0
14514,0
20109,0
33433,0
7436,0
40988,0
17074,1
14825,0
33057,0
15129,1
25597,0
28576,0
30492,1
38665,1
5395,1
18568,0
14767,1
16774,0
22366,0
8217,1
30335,0
37331,1
15255,0
21080,0
40631,1
31901,0
2805,0
13249,1
32621,0
29838,0
3372,0
352,1
44672,0
3920,1
4288,1
26481,0
35852,0
1052,1
38137,1
41879,0
24757,0
15329,1
27764,0
12503,1
24457,0
30017,1
12847,0
45878,0
15779,1
41130,1
34787,0
17627,1
37326,1
9843,0
37651,0
586,1
40164,0
46049,0
4897,1
1544,0
7716,1
42593,0
5427,1
11453,1
29782,0
45038,0
31255,0
7943,0
24282,1
3772,1
4460,1
24166,0
5954,1
4639,1
32658,1
38203,0
11150,1
9667,1
36912,0
35107,0
14128,1
32354,1
29281,0
31709,0
17633,1
25696,0
43179,0
4221,0
21606,1
39811,0
16410,1
11117,1
1458,1
42123,0
9527,0
38361,0
4885,1
5069,1
17594,0
33729,0
17158,0
14364,1
21111,1
30257,0
37662,0
39695,1
20215,0
1679,1
3400,1
1818,1
5119,1
12692,1
42813,0
6932,1
10550,1
12,1
31319,0
19598,1
42213,0
25165,1
4202,1
4133,1
4610,1
37417,0
27952,0
11404,1
30199,0
2511,1
4640,1
42395,0
12821,1
39673,0
38375,0
37235,0
18850,1
5925,0
1342,1
28274,0
21678,0
43142,1
958,1
43183,0
25060,0
530,1
6496,0
12593,1
11788,1
5107,1
17778,1
8442,1
1062,0
18432,1
1165,1
1647,1
40744,0
9845,0
19299,1
40865,1
39341,0
1864,1
45109,1
5308,0
9095,0
34937,0
10740,1
20691,1
6232,1
25702,1
42004,1
24210,1
37309,1
18796,0
27114,0
35435,1
37208,0
4386,0
21641,1
10422,1
10224,0
13431,1
13525,1
43242,0
10188,1
6264,1
1000,0
17551,1
3656,1
9772,1
18804,0
20708,1
5930,1
2705,1
2472,1
5397,1
17406,0
5803,1
9981,1
42914,0
13743,0
4632,0
6168,0
31291,0
34973,0
24766,1
15258,0
1903,1
11670,1
93,1
32092,0
44436,0
2373,1
8298,0
18625,0
16125,1
2890,1
46396,0
2552,0
11031,1
9293,1
845,0
21813,1
7962,0
1987,1
11699,0
35539,0
3568,0
3269,1
9198,0
30286,0
12200,1
4830,0
12946,0
15087,1
794,0
36030,0
26955,1
29998,1
1963,1
31020,0
2365,1
30751,1
31794,0
26231,1
6550,0
29235,0
32325,1
19407,1
2819,1
7879,0
2870,1
13073,1
20997,1
10211,0
9094,1
416,0
14206,0
4630,1
23354,1
38928,0
9940,0
11209,1
28671,0
36362,0
24827,0
29843,1
10372,0
30907,0
1222,1
10640,1
9523,1
33816,0
10651,1
16306,1
13289,0
12312,1
22851,0
7484,0
40184,0
5175,1
4462,1
2474,0
11227,0
15543,1
6629,1
15784,0
44676,0
7631,0
375,1
129,0
24904,1
29841,0
1076,0
18068,1
1178,0
3040,0
18010,0
6100,1
10513,0
4477,1
36848,0
18322,0
25263,1
32581,1
33140,0
37345,0
13475,0
29860,0
17921,0
1378,1
12158,1
5079,1
6743,1
21919,0
25385,1
30383,1
108,1
28935,0
8154,1
16231,1
2132,0
21317,1
36090,0
43287,1
2478,1
7820,0
6690,1
8311,1
39472,0
23088,0
4741,1
33374,1
15701,0
23979,0
16615,1
33302,1
16299,0
11337,1
18012,1
19330,1
24395,0
31060,0
24365,1
5292,1
34210,0
13275,0
3614,1
13208,1
20533,0
10085,1
39782,0
31805,0
11463,1
17065,1
10220,1
25164,0
31715,1
21992,0
16031,0
37452,0
14800,0
45835,0
18081,1
42470,0
24109,0
7805,1
3918,1
26200,0
29772,0
13895,0
27183,0
43907,0
468,1
12291,1
45330,0
15772,0
34107,0
7637,1
19003,0
12496,1
40455,1
27049,0
18260,0
4471,1
3103,1
23163,0
37294,1
14958,1
22488,0
4216,1
17917,0
15143,1
2653,1
382,1
3270,1
4450,1
5012,1
36738,0
21830,0
44801,1
45977,1
45696,0
1272,1
28710,0
37842,0
40088,0
17427,1
33053,0
30010,1
24979,1
29578,0
32934,0
6989,1
1908,1
22693,0
15991,1
25192,1
35,1
46386,0
22143,0
3056,1
41535,0
3010,1
1502,1
3489,1
9164,0
19781,1
32006,1
7270,1
6860,1
2947,1
45168,1
895,1
35113,1
21750,1
4695,1
22875,0
28878,1
8787,0
8731,0
31923,0
4292,1
6473,1
28414,0
40612,1
6921,1
39427,1
41852,0
3834,0
22356,0
36048,0
34397,1
7351,1
42469,0
25158,0
41246,1
37859,0
41990,0
30933,1
16719,1
44758,0
20529,1
2663,1
25205,0
21340,0
17113,0
33782,1
24292,0
39137,0
12519,0
1331,1
17172,1
10800,1
7415,1
23788,0
15082,1
13020,1
21241,0
15037,0
361,1
9602,0
10077,0
7915,0
1198,1
34524,0
8687,0
39462,1
28300,0
29550,1
21590,0
34473,0
34331,0
11743,1
7583,0
11519,1
504,1
28078,1
44870,0
8291,1
7576,1
884,0
37091,1
20739,1
11608,1
31207,0
5937,1
33744,0
8422,0
14461,0
34829,0
24105,0
17660,1
33623,0
8913,1
7523,0
940,1
28435,1
7025,1
29498,1
22232,0
44219,1
2368,1
43747,1
3156,1
4727,1
2092,1
22945,0
5385,0
2060,1
11944,0
34393,0
29233,0
46101,0
22323,0
40495,1
20538,1
8190,0
41726,0
13556,0
24881,0
25103,1
7278,1
5541,1
968,1
4647,0
46133,1
693,0
27825,0
28752,0
450,1
19883,0
5876,1
8270,1
35224,0
45288,0
13886,0
30156,0
8037,1
24164,0
11340,1
9686,1
27816,0
2017,1
15119,1
25307,0
44067,1
7663,1
15372,0
43521,1
42009,1
20976,1
20222,0
34188,0
34502,0
45117,1
9127,0
1133,0
22797,1
8404,0
36918,0
2053,1
3390,1
23284,0
10281,1
33832,1
40695,1
15814,0
43093,0
3820,1
41206,0
1777,1
16563,1
522,1
44664,1
17462,1
43435,0
3058,1
6225,0
29326,0
21845,1
15189,1
19845,1
21381,0
31454,1
18025,1
40197,0
40414,0
15483,0
10018,0
11406,0
13982,0
14339,1
41163,0
42955,0
14593,1
3526,0
18389,1
712,0
10438,1
4449,1
28362,0
10768,1
19413,0
1898,1
40232,0
23897,0
7303,1
679,0
1126,0
4746,1
43257,0
38900,1
34699,0
8176,0
6628,1
2038,0
29986,0
39095,1
30872,0
28953,0
34364,0
26055,0
1103,0
18505,1
3829,1
11023,1
43622,0
44509,0
43805,0
36943,1
5891,1
1870,1
10196,0
3107,1
15481,0
6503,1
13201,1
40819,0
18689,1
32817,0
13203,0
44045,0
16809,1
17021,0
46298,0
6088,1
410,0
9436,0
9348,1
30733,0
39591,0
41100,1
3863,1
40057,1
6199,1
43273,0
6129,0
18939,0
14768,1
37136,0
45156,0
45493,0
29287,0
16315,0
14096,0
22173,1
31177,0
14031,0
40647,0
13133,0
16995,1
23404,1
38468,0
24459,0
9626,1
29195,0
38465,1
2775,1
35104,1
13312,1
30557,1
3619,0
3633,1
18429,1
40788,0
25141,1
13954,1
10389,1
31762,0
30366,0
13363,1
21151,0
33781,0
14820,1
43223,1
19230,0
3029,0
3401,1
3907,1
37267,1
23383,1
1312,1
2389,0
1295,1
12230,1
33135,0
500,0
7481,0
38348,0
775,1
33081,1
24573,0
28201,0
36603,0
15428,1
26443,0
16340,1
5464,1
42446,1
10892,1
14266,1
12105,1
12436,1
348,1
13477,0
30151,0
42986,1
14102,0
36428,0
30,1
22990,0
23941,0
16667,1
2045,1
42893,0
33034,0
12400,1
6561,1
3166,1
6937,1
13799,1
36653,1
40532,0
40715,0
12113,0
6732,1
11087,0
45160,0
31034,0
34086,0
18858,1
12126,1
40437,0
13653,1
22001,0
23630,0
29576,0
142,1
8858,0
38584,0
28345,1
16957,1
36777,1
40660,1
12411,0
13496,0
3129,0
42006,0
45167,0
15668,0
18880,0
34211,1
36813,0
1934,1
12981,1
30929,0
11482,1
39183,0
7020,0
16717,1
46117,0
5625,1
45335,1
18289,0
133,0
8119,0
37200,0
351,1
1327,1
36866,0
3477,1
8005,0
2235,0
682,0
4714,1
8552,1
18695,1
14688,0
4005,1
42268,0
31985,0
7784,1
46411,1
1078,1
34860,0
659,1
6127,1
42690,0
22757,1
41597,0
20754,0
42221,0
3387,1
19650,1
2881,0
43649,1
2817,1
9076,0
24083,0
34556,0
11809,0
29702,0
8613,0
28331,1
33000,0
16413,0
206,0
1884,1
30029,0
1739,1
1007,0
26224,0
21457,1
35910,0
30971,1
4124,1
17157,1
45004,0
39109,0
39366,0
16808,1
11329,0
2848,0
25830,0
34313,0
1184,1
31906,0
22547,0
5588,1
4081,1
5090,1
10949,1
35871,0
12526,1
6837,1
46281,0
40959,0
158,1
1157,1
18503,0
41576,0
39749,1
23742,0
2247,1
2803,0
10187,1
16760,0
23816,0
11334,0
31891,0
2242,1
21618,1
13190,0
9560,1
3613,1
5867,1
40361,0
16214,0
5701,1
19741,0
39211,0
1096,0
8323,1
8895,1
10075,1
25030,1
5548,1
16220,1
2661,1
6789,1
44448,0
37978,0
34506,0
18223,0
24023,0
5144,1
41219,1
5391,1
5664,1
29840,0
32277,1
20232,0
13968,1
38677,0
39525,0
22603,0
15209,0
19148,1
1101,0
13343,1
1264,1
41365,0
43798,0
18744,1
19913,0
33221,1
1746,0
30939,0
14473,1
36360,0
19924,1
33550,1
2954,1
40898,0
44174,1
37299,0
13986,1
24049,1
29635,0
2088,1
38722,0
6582,1
16734,0
46150,0
6566,1
4123,1
8164,1
18487,1
32886,1
13241,1
7380,0
15022,1
32239,0
208,0
16641,0
11350,1
15774,1
2904,1
932,1
3607,1
25381,0
7861,0
3896,1
3822,1
14336,1
10739,1
15074,0
20377,0
33793,0
12628,0
33075,0
22363,1
753,0
583,1
18586,0
2360,1
44157,0
2829,1
1806,1
39060,0
32134,1
1858,1
2763,1
3904,1
6650,1
4874,1
30853,1
24097,1
17800,0
3581,1
27662,0
30047,1
13002,1
41916,0
5092,0
20821,0
44580,0
43530,0
15249,1
21043,1
30744,1
1457,1
33074,0
1850,1
18674,1
2813,1
2238,1
159,1
21302,1
26780,0
13753,0
12721,0
11785,1
35962,1
14882,1
12677,0
13442,1
1996,1
16926,1
39904,1
32551,0
34088,0
1485,1
11649,1
25594,1
18354,0
45797,1
31728,1
42976,1
11922,0
21896,1
2293,1
38808,1
19248,1
8843,0
8296,0
27402,0
8964,1
31386,0
41551,0
35483,0
21468,1
45485,0
23497,0
935,1
262,1
5695,1
7960,0
9245,0
41279,0
28718,0
2315,1
12093,0
43164,1
41372,0
19923,1
11592,0
15017,1
3742,0
7963,1
26090,0
28730,0
4334,1
16749,1
37323,0
27679,0
6204,0
19523,0
22717,1
770,1
11267,0
16894,0
23849,1
18433,0
6718,0
2859,1
1,1
22681,0
15526,0
41881,0
2016,1
26601,0
20924,1
3395,1
9203,0
6967,0
4441,0
2927,1
24647,1
13898,1
19998,1
34101,1
32267,0
4415,1
30980,0
42206,0
14669,0
11515,1
29049,0
34737,0
29421,1
26197,0
41482,0
923,1
46240,0
11936,1
21532,1
1685,1
19390,0
12707,1
35412,0
29720,1
13814,1
28409,0
30766,1
12199,1
5507,1
25559,0
28418,0
12249,1
3895,0
5333,1
12335,0
18613,0
34195,0
36283,0
10142,0
11946,1
38750,1
20169,1
3729,1
1820,1
7391,1
22634,1
22251,1
30032,0
771,1
18046,1
46301,0
17738,0
41533,0
41724,0
23943,1
35678,0
2855,1
15083,1
33745,0
43121,0
5587,1
27405,0
28764,0
22329,1
10045,0
32000,1
23321,0
6790,1
27613,0
4235,1
28932,0
37058,0
6839,0
42700,0
17815,1
9043,1
41462,0
20961,1
6226,1
24545,1
2026,1
4278,1
1185,1
39956,0
12581,1
23426,0
19652,1
40892,0
6870,1
34035,0
9882,0
6711,1
2547,1
39860,0
7972,1
15363,1
19023,1
39922,1
13151,0
540,0
5462,1
28191,1
1259,1
32100,0
27004,0
44904,0
2094,1
10192,1
6263,1
12362,1
42294,1
1521,0
24499,0
15288,0
40748,0
3144,1
6911,1
17644,1
6672,1
38267,0
7372,1
41936,0
2738,0
22666,1
26342,0
14725,0
41643,0
5251,0
211,1
41485,0
542,1
28094,0
21581,1
2097,1
7746,0
14179,0
24460,1
10743,1
1821,0
13378,0
16073,1
429,1
22416,1
6346,0
10333,1
35433,0
10347,0
10515,1
4205,1
45890,0
16867,0
6707,1
16128,0
4955,1
36303,0
18303,1
31209,1
7982,1
17930,1
14202,0
1642,1
20567,0
20510,1
31685,0
13796,0
15025,0
42944,0
22136,1
12840,1
941,1
7437,1
40639,0
11146,1
35628,0
17101,0
733,0
38760,0
42126,0
23471,0
40678,0
4433,1
15559,0
23756,1
43777,0
10252,0
20162,1
43496,1
3989,1
4021,1
11247,1
35033,0
36495,1
7914,1
6516,1
613,0
30796,0
4294,1
28302,0
6395,1
7980,1
42445,0
42080,1
909,1
5972,0
37747,0
35775,0
13486,1
40145,0
36875,0
11372,1
43112,0
27246,0
11055,0
40629,0
4012,1
1244,1
11431,1
35851,0
32281,0
2900,1
29071,0
40503,1
3712,1
46304,0
21979,1
3097,0
44048,0
44528,0
28551,0
3210,1
2085,1
3675,1
29897,1
43939,1
26806,0
762,0
21245,0
11726,1
34119,0
44647,0
3378,1
12598,1
32794,0
32513,0
16178,0
3827,0
6290,1
10003,1
2442,1
33890,0
12556,0
27709,0
39736,1
4478,1
32176,0
20336,1
40561,0
30139,1
14408,1
584,0
12965,1
10935,1
2024,1
41583,0
8672,1
45494,0
39523,1
11979,1
5613,0
2257,1
13694,1
3176,1
46514,0
598,1
41537,0
23952,1
12338,1
32836,1
29377,0
1635,0
2539,0
21444,1
1235,1
4091,1
11432,1
37396,1
10776,0
29814,0
26291,0
3405,1
12967,0
21997,0
45114,0
44784,0
20172,0
11778,1
20135,0
7061,0
18531,1
21169,1
10193,1
3719,1
800,0
21579,1
9140,0
1328,1
35603,1
23436,0
25195,0
36740,0
19617,0
37103,0
10388,1
4348,1
5082,1
19403,0
20576,1
199,1
28149,0
3127,1
8897,1
2381,1
25516,0
91,1
8272,1
33232,1
15045,1
42313,0
1246,1
25920,1
30797,1
1860,1
18949,0
1228,1
26977,0
33750,1
13523,1
31716,0
45199,0
34327,0
1631,0
20045,0
1920,1
7926,1
43522,1
22222,1
44086,0
25861,0
4110,0
9589,1
1912,1
325,1
866,0
44343,0
27672,1
38032,0
27210,0
18973,0
6951,0
44063,0
2167,1
21281,1
26143,0
14021,0
35244,0
14494,0
38780,0
22642,0
16069,1
35401,0
6697,1
3209,1
15029,1
14983,0
33044,1
13876,0
10856,1
32196,1
304,0
15140,1
42143,0
12382,0
6875,1
23227,1
1080,1
42790,0
21219,1
21367,0
24786,0
39278,0
39238,0
39309,1
8018,1
9086,0
34884,0
4684,1
983,1
13990,0
12130,1
12094,1
26817,0
2908,1
13588,1
32990,0
35180,0
45211,1
39690,0
29135,0
12957,1
24696,0
1033,1
11953,1
36012,0
16204,0
30992,0
14205,1
41617,0
24353,1
33739,0
1343,1
5590,1
12145,0
890,1
3735,1
39245,0
44408,0
16943,1
18319,1
36706,0
11217,1
792,1
40037,0
34983,0
42863,0
12428,1
16909,1
2283,1
2893,1
4822,0
37216,0
18473,0
7999,0
8406,0
21796,1
18955,1
21331,1
2276,1
9458,0
41956,0
20121,1
20150,1
22957,0
20277,1
4662,0
8100,0
157,1
12350,0
1667,1
37679,0
9706,1
1309,0
10095,0
29888,0
24926,0
30969,1
11383,0
21362,1
44953,0
17064,1
30619,0
2832,1
25724,1
8329,1
3294,1
4626,1
4901,1
16768,1
33172,0
43822,0
13902,0
21877,0
8157,1
39646,0
32515,1
4165,1
3494,0
11233,1
40140,0
1147,0
29900,1
4757,1
5456,0
42884,0
30913,1
12364,0
12793,0
23531,0
37243,0
8828,0
6446,0
1199,1
2766,1
19019,1
41621,0
32316,1
29084,1
2428,1
11554,1
14106,1
402,1
40693,1
42901,1
3774,1
18640,0
4645,1
36025,0
23074,1
27729,0
15470,1
14116,1
45956,1
25775,0
18599,0
29448,0
15474,0
42841,0
12356,0
10736,1
2149,1
39699,1
17020,0
20275,0
7064,0
4227,1
29420,0
18298,0
4458,1
28160,0
12472,1
10838,0
35001,0
39391,1
18401,0
26930,0
16882,0
6665,1
24297,0
33190,0
1403,1
11814,1
15711,1
33138,0
9738,1
10536,0
12549,1
37055,0
1945,1
9032,0
2392,1
39751,0
15096,0
39332,1
40395,0
10282,0
15012,0
7653,1
5429,0
173,1
7384,0
9555,1
10738,1
7905,1
43840,0
42895,0
12407,1
5216,1
41447,0
8253,0
32793,0
8566,0
38008,0
44235,1
41716,0
5929,1
44158,0
25999,0
19231,1
1887,1
16556,0
8880,1
4847,1
7626,1
21947,1
4380,1
35223,0
14289,1
16612,0
15452,1
26922,1
22628,0
28085,1
14117,1
4268,0
44575,0
21007,0
2952,0
41484,0
4703,0
35644,0
3194,1
24731,0
5173,1
41072,1
18828,0
40301,0
24035,0
37711,0
165,1
37686,0
4745,1
46491,0
4804,0
21081,0
30607,1
16575,0
40961,0
15936,0
9475,0
12724,0
5085,1
26879,0
32086,1
9010,1
17654,1
23016,0
16655,0
6499,1
43637,0
14668,1
18931,1
44988,0
21297,0
18167,0
30735,1
6603,1
2666,1
2497,1
1029,1
18724,0
1361,1
29391,1
22576,0
1112,1
18092,0
17736,0
36103,0
36953,0
35428,1
7079,1
2826,1
42181,1
37607,0
4522,0
25314,0
2840,1
14110,1
14348,1
20,1
14125,1
1851,1
13438,0
19841,0
43929,0
15724,0
32967,1
4797,1
9472,0
12489,0
7269,0
37210,0
18917,0
1896,1
39896,1
6136,1
1595,0
36001,0
42649,0
9887,0
200,1
27713,0
44451,1
2218,1
35667,0
27635,0
38257,0
38724,0
20770,0
5122,0
18345,1
20100,0
22319,0
109,1
1014,1
5315,1
17357,0
4402,1
41191,0
16643,1
35297,0
7094,1
24084,0
8387,0
1889,1
25309,1
449,1
22099,0
2629,1
1075,1
30909,1
23740,0
21911,0
184,1
4018,0
38417,1
38864,0
9484,1
26478,0
27783,0
15999,0
1960,0
46110,1
22427,0
10965,1
21284,1
9139,1
7904,1
30889,0
7216,1
5443,0
3153,1
22388,0
6866,1
36725,0
37755,0
1395,0
3983,1
23337,0
39367,0
46280,0
28743,0
35002,0
17442,0
6227,1
3047,0
13883,0
559,0
25413,0
31750,1
17279,0
44288,0
37707,0
17356,0
26768,1
7782,0
4127,0
4883,0
6245,1
2264,1
15004,0
25285,1
2374,1
23359,1
33220,1
43049,0
26614,0
1994,1
40063,0
17416,0
20774,1
30075,1
20806,1
5787,0
20124,1
7147,0
44989,0
3749,0
28134,0
27664,0
6888,0
9878,1
1651,1
1363,1
36652,1
46103,0
42838,1
28427,1
9581,0
15397,0
8508,0
3640,1
44718,1
8107,0
6481,0
22927,1
19208,1
25287,1
20174,1
9990,1
2557,0
6058,1
42877,0
27192,1
21206,0
8921,1
20498,0
3085,1
32146,1
39018,0
4355,1
11167,0
2219,1
3182,1
45396,0
15643,1
13280,1
25534,1
20272,0
15038,0
41762,1
29626,1
3036,0
30261,1
12783,1
8273,1
8629,0
12019,0
25972,1
31193,0
5639,0
15621,0
9751,0
26353,0
26255,0
4977,1
6158,0
17146,1
1273,1
11374,1
9806,1
38085,0
36140,0
39055,0
46020,0
3087,1
5915,1
18572,1
8324,1
35664,0
3779,0
7543,1
38452,0
4102,1
14798,0
9795,0
34863,0
2411,1
2599,1
35101,0
10218,0
28921,0
3825,0
819,1
1187,1
19362,0
15014,1
18229,1
22257,1
25156,0
27967,0
7181,1
4710,1
11458,1
39133,0
7600,0
30223,0
10393,1
24316,1
21355,0
40011,1
33037,1
20269,1
22482,1
43591,0
41431,0
20884,1
13114,1
21637,1
22556,0
22925,0
29633,1
42457,0
5481,0
23919,1
1634,1
21450,0
11486,1
42170,0
9501,0
14065,1
28235,0
8340,1
6169,1
27893,0
4904,1
11107,1
44327,0
33582,1
2934,1
5845,1
2861,1
29307,1
21020,1
16960,0
8527,0
8002,0
19589,1
26702,0
1798,0
29906,0
2079,1
7209,1
39078,0
5487,1
38480,0
1086,1
5668,1
36395,0
26076,0
20603,1
26046,0
7764,1
35171,1
29657,1
25564,0
26142,0
230,1
30588,0
37795,0
23000,0
23571,0
2029,1
6926,1
35241,0
6390,0
17471,1
1017,1
635,1
3348,1
20394,1
7455,1
12360,0
45909,0
6856,0
28405,0
26373,0
29648,0
30490,1
6810,1
43654,1
1176,1
13499,0
26576,0
23051,0
4591,1
13785,0
12466,1
35044,0
20597,0
35247,0
27327,0
6713,1
37107,0
33423,0
11830,0
20127,1
14346,0
4806,1
30624,0
9979,0
5043,0
12036,1
29312,0
6109,1
6805,0
28238,0
17035,0
19171,0
36697,0
4145,1
35643,0
42311,0
44394,1
41671,0
6437,1
2641,1
8783,0
11275,0
3992,1
22265,0
11880,1
7810,0
8337,1
29504,1
20555,0
495,1
10501,1
20298,0
22073,1
14000,0
19062,0
39669,0
11341,1
3769,0
44561,0
30808,0
7685,0
41841,1
23787,0
1707,0
26813,0
12231,0
39426,0
23370,0
37928,0
31764,0
19060,0
12934,1
42427,0
7797,1
6579,1
17042,1
39096,1
43175,0
11277,0
20579,1
2852,1
40174,0
3678,1
45478,0
18438,0
12248,1
5225,1
36122,0
71,1
11669,1
17843,1
38184,0
25187,1
11315,0
6631,1
6729,1
12240,0
4705,0
283,0
17184,1
46315,0
11609,1
1957,1
19771,1
25735,1
22721,0
2163,0
2858,1
1206,1
41925,0
2063,1
39958,0
6792,1
12273,1
36687,0
11888,1
41439,0
33601,0
19206,1
26936,0
1001,1
41509,1
5645,0
20980,0
68,1
1280,1
34325,1
23438,0
1719,1
3101,0
8375,0
807,0
24477,0
6402,1
5062,1
12796,0
9912,1
24751,0
18759,0
31526,0
39990,0
17793,1
24605,0
6032,1
41812,0
36214,0
28504,1
37218,0
328,1
1829,1
31506,0
9122,0
15230,0
4587,1
13129,0
38860,1
28036,1
1083,1
33936,0
1173,1
12406,1
45120,0
3339,1
6863,0
27100,0
9680,1
18986,1
17698,1
25645,0
18442,1
15915,0
1737,1
28695,0
7500,0
588,1
12559,1
2105,1
424,1
34069,0
34772,0
40957,0
4417,1
4105,0
44386,1
33097,1
25850,0
16532,1
16197,1
1939,1
41949,0
11761,1
12086,1
32103,1
5908,0
34800,0
18408,1
5280,1
16221,0
10335,0
44956,1
16709,0
40571,0
28913,0
15919,0
17410,1
19031,1
25929,0
123,1
16243,1
34020,1
985,1
15932,0
13462,1
35076,0
33316,0
17977,0
28179,1
2963,1
12913,1
21867,0
15799,0
38030,0
1671,1
45756,0
9629,1
31230,0
30110,0
7818,1
18369,0
45542,0
31178,1
39281,0
7076,1
23299,1
35568,1
765,1
43054,1
2944,1
18764,1
28623,0
23690,0
45631,1
11494,0
32037,0
36195,0
44642,0
31662,0
16573,1
4112,1
45164,1
2636,1
11917,1
23140,0
1430,1
24101,1
36286,1
29328,0
29153,1
30494,1
36944,0
27982,0
44745,0
40196,0
14665,1
7277,1
18329,0
6009,1
36230,1
1158,1
2788,1
19274,0
22364,1
41045,0
11351,1
18830,0
6977,1
41559,0
16174,0
10099,1
39272,1
45798,0
17400,1
38218,1
34545,0
1613,0
29074,1
41225,1
27863,0
19973,0
37286,0
23927,0
33611,1
39131,1
6217,0
6176,1
1233,1
6918,1
41506,0
33214,1
3929,1
21645,1
41802,0
42987,0
4580,1
35485,0
20010,1
43397,0
22749,1
24539,1
21466,1
10162,0
4027,1
15824,1
25553,0
9111,1
30753,1
18532,1
31845,0
34977,0
5702,1
30166,1
43858,0
22986,0
2486,1
21528,0
12877,0
21442,1
3308,1
170,1
18989,0
17492,0
6061,0
9913,1
5282,0
1266,1
18360,1
4052,0
11332,1
2898,1
1682,0
4369,1
46606,0
8342,1
31306,0
6329,0
37586,0
8953,0
12750,1
9069,1
44001,0
26002,0
5331,1
755,1
5299,1
4309,1
42840,1
7345,0
15714,0
1644,1
10240,0
46342,0
21791,1
2550,1
1813,1
43388,1
2515,1
13240,0
3327,1
6722,1
10471,1
2311,1
21002,1
28088,1
7804,1
4485,1
40024,0
40881,0
22537,0
3249,0
34111,0
1150,1
23420,1
40603,1
6297,1
30732,0
3851,1
8251,0
4453,1
25731,0
12929,0
9339,0
3813,1
6568,0
39984,0
18200,1
9778,1
29833,0
13488,1
16726,0
3369,1
25612,0
18182,0
12611,1
9930,0
916,0
23618,1
9207,0
21474,1
7451,1
7811,1
40510,0
32010,0
35647,0
1459,1
42701,0
13919,0
9410,0
14927,0
9136,1
2968,0
45812,0
18282,1
32087,0
1210,1
21841,0
43453,0
4296,1
27565,1
7084,1
20652,0
20870,0
18170,1
38062,1
4604,0
43936,0
1929,1
33261,0
2891,1
3910,1
3441,1
3629,0
40400,0
38504,0
3586,1
5853,0
23959,1
11426,0
22021,0
26012,0
14585,0
43088,0
32786,0
15728,0
3302,1
12770,0
37350,0
31241,0
17310,1
45313,1
11331,0
41016,1
46011,1
1368,1
45095,0
41781,0
11020,0
30099,1
25174,0
17273,1
42659,0
41957,0
26105,0
2992,1
17475,1
3874,0
3604,1
25520,0
20128,1
22673,0
717,1
33368,0
9530,1
42769,0
5626,1
39594,0
6383,1
13227,0
18061,0
41118,0
29925,1
32912,0
18455,0
11218,1
5917,0
10824,0
1842,1
19835,0
13767,1
15071,1
40918,0
11564,0
32185,0
38838,1
6442,0
28641,1
4335,1
7131,1
804,0
13377,1
46119,1
15281,1
29437,0
8303,1
17669,1
40151,1
10920,1
9696,0
18556,0
4813,1
19870,0
2305,0
2906,1
23174,0
3014,1
3807,1
29189,0
33573,1
34095,0
3808,0
2165,1
11934,1
30382,0
25772,0
28192,0
4534,1
30678,1
12004,0
12445,0
23520,1
45953,0
22731,0
44943,0
16133,0
311,1
42022,0
22997,0
13239,1
45615,0
19677,1
3949,1
6538,1
7346,1
33586,1
4454,1
38654,0
22658,0
44092,0
38251,0
185,1
39365,1
28006,0
2090,1
7385,0
6577,1
4861,1
23396,1
28366,0
37620,0
16071,1
42288,0
5580,1
4473,0
17199,1
18915,0
25183,1
42271,0
37171,0
19126,0
44397,1
350,1
19720,1
16820,0
8216,1
10245,0
13952,0
39345,1
43817,1
21536,1
27446,1
12388,1
15913,1
9576,0
2910,1
26160,0
2367,1
3258,0
12479,0
12277,1
43901,0
24157,1
9916,1
28495,0
367,1
9652,1
36942,1
21036,0
42099,0
27258,0
5601,1
36398,0
38764,0
13730,0
365,1
6357,1
11834,1
784,1
1587,1
12876,1
7798,0
25922,1
13161,1
5724,0
3602,1
3898,1
40501,1
24374,0
19928,1
13821,1
9619,0
37141,1
15861,0
41264,0
9684,0
7813,1
34616,0
11182,1
26022,0
24813,0
21049,0
40710,0
39496,0
17287,0
26993,0
12392,1
13689,1
10940,1
623,0
374,1
3698,1
28707,0
18516,0
1827,1
13481,1
35443,0
19817,0
19806,0
35437,0
21370,1
43558,1
3067,1
2052,1
43762,0
26595,0
42702,1
1455,0
32078,0
17548,1
3106,1
15319,0
31,1
18606,0
15904,0
36105,0
8906,1
6105,0
33021,1
1660,1
2883,0
22331,1
27231,0
30703,0
31494,1
16981,1
18033,0
29274,0
17209,0
20586,0
210,0
41058,0
31058,0
1020,1
20714,1
4505,1
4173,0
9492,1
25797,1
11278,1
30925,0
25342,0
17010,1
23577,0
43707,0
22722,1
2416,1
19125,0
39801,1
10345,1
46196,0
3495,1
22229,0
816,1
10966,0
39217,0
3854,0
12251,1
1191,1
3635,1
14921,0
12709,1
3158,1
23803,1
9705,1
16418,0
19896,0
27245,0
11938,1
628,0
27766,0
43833,0
25624,0
5602,0
2799,1
2037,1
12539,0
43129,0
46563,1
20238,0
11544,1
17671,0
7295,0
12668,1
22697,0
2287,1
321,0
20953,1
18672,0
27882,0
708,0
41226,0
34046,0
28019,0
1770,1
24837,0
40856,1
8453,0
1359,1
1404,1
13698,1
2152,1
19373,0
40500,1
40158,0
4233,1
17925,1
19832,0
45162,1
3888,1
8205,1
4850,1
46142,0
14734,1
7285,1
1079,1
33101,1
46406,0
12671,0
42752,1
15884,1
12047,0
35368,0
22727,0
24712,0
25255,1
4509,1
17134,0
1845,1
431,0
25284,0
22585,0
10688,1
40671,0
27321,0
6065,0
22025,1
8235,1
8475,0
6191,1
6074,1
37303,0
15993,1
26489,0
11380,1
35123,0
6878,1
8117,0
35578,1
23860,1
34844,0
4223,1
4613,1
24000,0
204,1
19070,0
12201,1
4377,1
41069,0
17913,1
46251,0
7074,1
46061,0
23575,1
23731,1
16327,0
8612,0
10998,1
13514,1
16066,1
25923,0
24366,1
17115,1
24868,1
2702,1
15347,0
2622,1
23554,1
43299,0
2853,1
1877,0
30601,1
6846,1
28584,0
15286,1
21448,1
1917,1
26520,0
45322,1
4664,1
33161,0
3305,0
13636,1
27839,0
4259,1
6862,1
13994,1
27515,0
30233,0
28348,0
7276,1
44739,1
1907,1
4122,1
34518,0
6557,0
1177,1
39186,0
35261,0
21184,0
41181,0
9862,0
14901,0
10158,1
39756,0
5733,1
12365,1
43347,0
31697,1
42510,0
31701,0
38943,0
475,1
4649,1
21128,0
5301,1
15100,0
42920,0
7310,1
15528,1
44929,0
21136,0
5641,1
1439,1
7936,0
21363,1
34345,0
26031,0
10417,0
4900,1
10341,1
28536,0
29836,1
42281,0
10590,0
25297,0
31680,0
37719,0
37972,0
34621,0
35193,1
29789,0
31040,0
37117,0
1190,1
30832,1
2403,1
2427,1
10853,0
42212,0
35249,0
24153,0
22934,0
33855,0
11077,0
21342,0
18116,0
4571,1
12733,1
46465,0
4430,0
41129,0
11771,1
17957,0
18188,1
21634,1
505,1
6871,1
29692,0
30374,0
28776,0
9923,1
10314,1
25933,0
37198,1
11297,0
13512,1
936,1
15870,0
17577,0
14386,1
26258,0
11607,1
2157,1
30829,0
26999,0
14282,1
44039,0
16012,1
4569,1
8202,1
212,1
14286,1
15654,1
4719,0
10343,0
13086,1
13335,0
7016,1
3061,0
1866,1
33618,0
29807,1
32931,1
5224,0
624,0
30137,1
4542,1
31142,1
45279,0
23092,1
11585,1
14216,1
3760,0
9624,1
11094,0
1892,1
44054,1
5578,1
18923,0
7347,1
33588,0
4802,1
39468,0
15156,1
11293,1
44711,1
39670,1
44982,0
5565,0
9087,0
8697,0
23868,1
1510,1
41418,1
9630,1
16751,0
2077,0
1948,0
44398,1
44036,0
23781,0
15605,0
45761,0
32195,0
23786,0
1483,1
9097,1
22915,1
6087,1
1306,1
16234,1
28002,0
22780,0
8728,0
3419,1
3758,0
29256,0
579,1
18197,1
23077,0
16281,0
24140,0
26627,0
13332,0
37801,0
12429,0
7249,0
19837,1
23844,0
29424,1
30127,1
3133,0
21218,0
37868,0
17801,1
35702,0
7326,1
5881,1
23486,0
32620,1
24314,1
27908,0
23538,0
1182,1
19241,1
30851,1
32046,0
21123,1
11307,1
4971,1
15434,0
284,1
1491,1
3060,0
21683,0
33660,0
519,1
17291,1
1425,1
16568,1
2646,1
2407,1
6807,1
13538,0
6515,1
7790,1
14213,1
5390,1
11382,0
42854,1
6696,1
36574,0
4274,1
13117,1
32758,1
3233,0
17695,0
9085,0
333,0
37872,0
9532,1
10938,1
7280,0
35875,0
18479,1
1991,1
5509,1
906,1
29121,0
8163,1
35994,1
8439,0
3374,1
44518,1
372,1
7847,1
27002,0
35464,1
5713,1
26731,0
4841,0
32004,0
2436,1
3149,0
22923,0
15182,0
43146,0
19772,0
4412,1
11939,0
7679,1
12180,0
10222,1
2412,1
24103,1
44486,1
14178,0
19207,0
18169,1
2879,1
7267,0
8638,1
40694,0
4812,1
8427,0
46226,1
3657,1
32488,0
25176,0
15988,0
739,1
21850,0
4055,1
13295,1
1179,1
120,1
6658,0
23332,0
9815,0
22308,1
26243,1
28822,0
11282,0
324,1
249,1
25072,0
21313,0
40067,1
32203,0
17937,0
20024,0
13150,1
13128,1
1993,1
7490,0
3838,0
12813,1
18153,1
5248,1
6296,1
41048,0
20831,0
33047,1
25588,0
3487,1
27070,0
910,1
18844,0
14802,1
12523,1
37728,0
7398,1
6928,0
2035,1
17806,1
23017,1
5213,1
18035,1
45319,0
34343,1
16536,1
12377,1
28446,1
8873,0
13100,1
345,1
46535,0
38031,0
17355,0
27990,0
2057,1
3595,1
25506,0
5543,1
9381,0
38245,0
4324,1
553,0
16931,0
10350,1
11590,1
12871,0
20095,0
14145,0
527,0
15533,0
44064,0
3786,0
36901,1
23983,0
4963,0
34004,0
30049,0
15257,1
11511,1
39746,1
21510,0
24899,0
25407,1
9640,1
4120,1
25892,0
20749,1
13193,0
1729,1
32320,0
16728,1
20704,0
37519,1
42245,0
21476,0
18619,0
33236,0
30093,0
28305,0
30882,1
35963,1
40354,0
4199,1
30970,1
5102,0
15081,1
3821,1
12342,1
37809,1
12274,1
13836,1
20799,1
18978,1
14328,1
38316,0
428,1
39515,0
20014,1
36771,0
44319,1
44707,0
17214,1
8360,1
9593,1
28747,1
8376,1
31511,0
42808,1
2041,1
46297,0
2372,1
40997,0
30107,0
41637,0
4466,1
2792,1
10159,1
23556,1
4399,1
15413,1
6886,0
14583,0
37090,1
4041,1
35621,0
10202,1
4293,1
31860,0
11524,1
34679,0
30542,0
14854,1
14147,1
3336,0
5393,0
35591,0
29339,0
31192,0
32257,0
10475,1
10880,1
6670,0
11601,1
1803,1
33927,0
23820,1
18037,1
35164,0
4248,1
40986,0
23286,1
37236,1
34303,0
33201,0
4865,0
6826,1
20822,1
22910,0
10068,0
21595,0
24762,1
36855,0
33280,1
35769,0
17593,0
1673,1
2695,0
18879,1
12026,1
13256,1
2493,0
17870,0
9222,0
33323,0
27282,0
8326,1
7895,0
1940,1
16006,1
2896,1
2089,1
30256,0
6015,0
28421,1
17948,1
16149,1
26083,1
29068,0
45524,0
34250,0
8616,1
20201,0
32618,0
10980,1
1225,1
40317,1
36462,0
11377,0
36994,0
27306,0
25769,0
11553,1
1214,0
25602,0
5744,0
39536,0
30910,1
959,1
37913,0
29645,0
5927,1
4303,1
38426,0
11935,1
27649,0
35974,0
6033,1
32329,0
921,0
19827,1
18795,1
11103,1
4275,1
7467,1
2171,1
26788,1
33042,0
7429,1
22656,1
44757,0
32940,1
658,1
10912,1
69,1
3404,1
4586,1
2034,1
20097,0
16946,1
44066,1
13024,1
40111,0
26738,1
24272,0
21455,1
1085,1
3102,1
2962,1
14209,0
37723,0
4424,1
30852,1
41053,0
21475,1
41492,0
29248,0
10370,1
4566,1
36734,0
40634,0
5564,1
20282,0
2065,1
8294,1
22029,1
3622,1
35425,1
32034,0
20644,1
11923,0
24930,1
25945,0
29457,0
9584,0
34099,1
29765,0
5126,1
528,1
13358,0
38425,1
36423,0
3628,1
31718,0
34440,0
39397,0
13756,1
2630,1
30780,1
43438,0
20826,1
21101,0
20778,0
337,1
40687,0
36364,0
32516,0
22562,0
6651,1
46609,0
5171,1
5207,1
35589,0
1899,1
1397,1
40519,0
1448,1
18002,0
901,1
10263,0
3338,1
22320,0
11216,1
33089,0
4277,1
24511,0
13304,0
16687,0
5349,1
7416,1
22245,0
11349,0
42802,0
1840,1
1447,0
18723,1
35082,0
34411,1
14970,1
7143,0
32159,0
4006,1
10906,1
31797,0
46154,0
2634,1
6572,1
1857,1
17628,1
28628,0
2677,0
6242,0
28263,0
12607,1
19035,1
4574,1
28465,1
30007,0
41394,0
2598,0
16157,0
27279,0
944,0
40246,0
46302,1
4920,0
415,1
11189,1
10903,1
46319,0
19049,0
10915,0
11490,0
2231,1
35405,0
18499,0
16165,0
14121,1
1283,0
37183,0
9948,1
23641,0
38558,0
44947,0
19784,0
13327,1
38129,0
1742,1
44536,1
5038,1
31282,1
30900,1
24334,1
44389,0
29786,1
8874,0
19879,0
690,0
36193,0
45855,0
24397,1
40095,0
41764,1
1973,0
34750,0
23096,1
25403,1
1570,0
21832,0
6736,1
15248,0
14922,1
2278,1
1230,1
956,1
6094,1
8333,1
12646,0
10351,1
4807,1
44202,0
42739,0
41784,0
2939,1
11646,1
39336,1
31843,0
4798,1
43894,0
23178,1
6936,1
12045,1
20105,0
21624,1
7517,1
38139,0
33482,0
13905,1
44477,0
29687,1
31361,0
25571,0
16087,1
10579,1
6170,1
11064,1
6454,1
16166,1
17274,0
11120,1
6513,1
1828,1
2170,1
32190,0
3476,0
535,1
17818,1
32450,0
5478,1
42573,0
4418,1
10989,0
25015,0
43244,0
33828,0
46019,0
18456,0
12401,0
26772,1
24151,1
11311,1
37270,1
387,0
32512,0
28748,0
33580,1
25501,0
32444,0
31035,0
1183,1
20301,0
15480,0
28400,1
6814,0
19073,0
13643,1
2439,1
13018,1
362,1
10101,1
42710,0
10444,0
4799,1
34430,1
4979,0
33051,0
7794,1
44727,0
12744,1
3717,1
20923,1
5358,1
23708,1
678,0
11854,1
43209,0
16264,0
33289,0
3869,1
18622,1
30463,0
32582,1
9855,1
16605,1
14973,0
6447,1
42538,0
1282,1
21013,0
26582,0
3955,1
29777,0
1241,1
13757,1
46256,1
11097,1
2056,1
26666,0
37290,0
23335,0
13245,1
4157,0
43365,0
4332,0
29009,1
24518,0
40009,0
40830,1
684,0
581,1
33253,1
8845,0
9541,1
4558,1
45447,1
11749,1
31367,0
14132,1
8623,0
24277,1
32530,0
1723,1
5048,1
42918,0
1856,1
16321,1
8413,0
15268,0
20477,1
6857,1
19685,1
7125,0
3850,1
32089,0
11506,0
34869,0
31694,1
18647,1
26612,0
3159,1
25677,1
10134,0
39175,0
26079,1
6488,1
38491,0
12928,0
36514,1
12993,1
2303,1
29124,0
10419,1
7483,0
11460,1
19269,1
43784,1
33380,0
31017,0
11776,1
37774,1
15992,1
6924,1
15333,1
41132,1
7910,1
1254,1
25784,1
14562,0
37403,0
9183,0
36181,0
7071,1
19280,0
15490,1
29683,1
44568,1
19051,1
28069,0
23748,1
12456,0
27364,0
14968,1
41282,0
16380,0
5120,0
35462,0
1771,0
34323,0
44125,0
26482,0
4029,1
4648,1
3083,1
36494,1
9829,1
37901,0
10037,0
2731,1
25235,0
42776,0
18405,1
28424,0
10403,1
34316,0
15155,1
13844,1
27910,0
5909,1
21807,0
3151,0
41791,0
36264,0
2429,1
29370,1
11705,1
1197,1
31501,1
40053,0
19094,0
41316,0
11890,1
28851,0
1130,1
19325,0
29006,0
14559,0
20369,0
1027,1
14012,0
1611,0
11127,0
25400,1
23062,0
17880,1
3704,1
7221,1
6885,1
31335,0
35155,0
11420,1
1501,0
13361,0
2330,1
2025,1
15394,0
13248,1
32971,0
5848,1
32569,0
18868,1
39031,0
4243,1
28251,0
3028,1
1532,1
20435,0
28779,0
27270,1
27138,0
23870,1
21580,1
42620,0
32069,0
28217,0
12195,0
11054,0
38681,1
34969,0
19134,0
13868,0
31376,1
15493,0
12904,0
30632,0
35865,0
370,0
17810,0
4502,1
2241,1
2903,0
4400,1
26036,1
4422,1
16075,1
11698,0
5121,1
18183,0
19530,1
1073,1
2748,1
12938,1
24052,0
40728,1
32501,0
6998,1
4585,1
40551,1
36729,1
891,1
5630,0
26464,0
41438,0
12614,0
12573,0
7887,1
32041,0
5418,1
5136,1
40499,1
16716,0
21905,0
10555,1
38539,0
1522,1
32020,0
33144,1
18968,1
35431,1
44226,1
1540,1
42666,0
41548,1
24337,1
19628,1
19397,1
30814,0
33884,0
6458,1
39199,0
32529,0
3842,0
41886,0
3475,0
41720,0
21893,1
6287,1
3430,1
3025,1
38106,0
25836,0
15690,1
3408,1
14143,0
6325,0
12234,0
9345,0
23877,0
172,1
32654,0
37394,0
6576,0
20898,1
31179,1
2642,1
9927,0
11435,0
4693,1
26966,0
17308,1
29265,0
12752,1
19566,1
1632,1
20527,1
1808,1
21388,1
43787,0
17784,0
4200,0
6097,1
13230,1
24313,0
15862,0
21679,0
14419,1
40902,0
4379,1
10397,1
622,1
17153,0
40663,1
23446,0
10900,0
6091,1
34363,0
20279,0
3213,1
4125,0
8968,0
18299,0
24493,0
5303,1
7014,0
17311,0
2604,1
28071,1
9037,1
40826,0
36755,0
46478,0
3287,0
1511,1
19506,1
36620,0
4941,1
8293,1
15907,0
34294,0
16237,0
4957,0
37471,1
44402,0
22553,0
11973,1
19988,1
44689,0
4960,1
23893,0
39479,0
7378,0
15582,0
36159,0
11069,1
7947,0
12040,1
40019,1
44098,0
21616,1
44198,0
9187,0
12097,1
44681,0
183,1
10107,0
4083,0
2071,1
20255,1
34039,0
2328,1
15370,1
39337,0
3520,1
9890,1
2631,1
38669,0
30259,0
8259,0
5099,0
28657,1
43337,1
4134,1
37328,1
3412,1
4148,1
3219,1
13897,1
1975,1
4921,1
44176,0
16853,1
41192,1
44866,0
13828,0
32280,0
12125,1
19451,1
419,0
1456,1
20211,1
2334,1
26554,0
44465,0
12516,1
17012,0
20296,0
16169,0
8250,1
13425,0
16787,0
42049,0
357,0
44625,0
16394,1
963,1
36130,0
7433,1
4448,1
38731,1
359,1
3984,1
35260,0
18905,1
8826,1
15569,0
23753,0
20380,1
22292,0
14189,1
7705,0
43359,0
37060,1
21548,1
12562,1
32629,1
35989,0
23794,1
30783,1
1862,1
9934,0
6716,1
33106,0
10460,0
45740,0
26415,0
5568,1
28977,1
33904,0
4082,1
5949,0
26477,0
1775,1
11513,1
29173,0
2850,1
1247,1
22330,1
18396,1
25197,1
10644,1
3431,1
2371,1
35648,1
23579,0
40609,0
22682,0
38812,0
45688,0
2312,1
33940,0
16077,0
6072,1
19175,1
26558,0
4692,0
5197,1
23038,1
30276,1
12786,1
27034,0
15164,0
3425,1
5192,1
2284,0
30280,0
32163,1
20381,1
23264,0
31618,0
45247,0
1423,1
6330,0
3830,1
37444,0
10873,1
42915,0
13794,1
17135,1
10497,0
9728,1
154,0
7819,1
8133,1
35757,0
36713,0
3333,1
38038,0
38495,0
32669,1
31848,0
19350,1
2519,1
26066,1
20962,1
44789,1
5967,1
19948,1
20655,0
25593,1
30119,0
7668,1
3,1
17943,1
35792,1
8132,1
24494,1
21471,0
7063,1
39423,1
41441,0
40493,0
14792,1
16201,0
12194,1
182,1
16567,1
18449,1
41736,0
1229,0
3714,1
6218,1
21803,1
10630,1
27669,0
5708,1
33786,0
4191,1
37925,0
24410,1
16484,0
147,1
39424,1
45176,0
3668,1
22235,0
10969,1
16606,0
5813,0
34372,0
13001,1
28859,1
4983,0
28289,0
15940,0
10741,1
4682,1
5314,1
10871,1
12191,1
3674,1
4398,1
9758,0
27290,0
16429,0
44558,0
13732,1
42463,0
27708,0
3529,1
23124,1
36378,0
22218,0
11066,1
24592,0
31695,1
17111,0
34168,1
27688,0
12814,1
178,1
32877,0
14258,1
32640,1
9495,1
12123,0
10052,0
11866,0
6380,0
4159,0
36066,1
8940,0
35690,1
15297,0
10804,1
38678,1
26762,0
1081,1
18484,1
5538,1
26289,0
38568,0
34062,0
46320,0
35977,1
3924,1
10921,1
36889,1
10171,1
17856,1
3181,1
3690,1
2440,1
4208,0
29905,0
45891,0
37982,0
14541,0
36515,1
23041,0
14047,0
8402,0
32076,0
22018,1
26522,0
5263,1
4988,1
7007,1
38486,0
13110,1
46303,0
36821,0
889,1
358,1
21199,0
5275,1
18283,0
20480,1
19509,1
23315,1
13142,1
46622,0
2707,1
6318,0
22572,0
28347,0
23444,0
28705,0
14740,0
18889,1
2059,0
8166,1
43643,0
6505,0
16676,1
5528,1
37830,0
26934,0
833,0
18255,0
44088,0
46234,0
10021,0
7983,1
43490,0
15436,1
7443,0
27866,0
17339,0
30752,1
26773,1
12102,0
6588,0
19370,1
25447,0
30211,0
44455,0
3329,0
42837,1
32671,0
43569,0
13169,1
4154,1
32421,0
892,1
28985,0
22856,0
6537,1
27692,1
12326,1
23400,0
2036,1
20262,1
9065,1
46051,1
1164,1
14451,1
18254,1
32422,0
21543,1
2262,1
34470,0
510,1
2706,1
1596,1
43937,0
40664,1
20132,0
34073,0
23908,0
1897,1
43644,0
25053,0
23962,1
22065,0
6235,1
20345,0
7286,0
17532,1
1624,1
43475,1
14728,1
16307,1
11428,0
3647,1
4634,1
24798,0
5045,0
13052,1
1620,1
32148,0
14428,1
24302,1
25054,1
22859,0
13746,1
1168,1
2208,1
28175,1
35723,0
40000,0
697,1
36980,0
40502,1
939,1
44713,1
24623,0
20945,0
20348,0
44324,0
42238,0
4468,1
25759,0
18552,0
13737,1
28690,1
8146,0
42034,0
12963,1
25454,0
6963,1
42732,0
2286,1
17631,0
31623,0
34782,0
46453,0
39562,1
4232,1
14300,0
44425,0
18338,1
3347,1
8670,1
3196,1
2876,1
22974,1
2725,1
16825,0
42535,0
8934,1
1276,1
38627,0
37507,0
12059,1
10086,0
3304,1
26874,0
38506,0
44761,0
30750,0
21294,0
43265,0
13924,1
6993,1
8315,0
23279,1
19618,1
11514,1
23493,0
42293,1
13401,0
1122,1
4446,1
46475,0
1778,1
30191,0
43440,0
20665,0
1064,0
33621,1
23138,0
41313,0
22242,1
40136,1
12317,1
46271,0
35245,1
18950,0
36998,1
6589,1
26524,0
40560,1
42760,0
11915,0
24969,0
41222,1
5851,1
12355,0
44786,0
43477,0
25621,1
16884,0
37314,1
509,1
35551,0
31294,0
16578,0
6939,1
28041,1
45722,0
11131,0
15344,0
24961,1
23864,0
16136,1
5135,0
14313,1
31253,0
27165,0
191,1
24788,0
32517,1
42481,0
9733,0
39314,0
28900,0
2724,1
24559,1
14544,1
38451,0
38188,0
44658,1
43778,0
33024,0
30608,1
13690,1
2674,1
31691,0
23461,0
6174,1
39952,0
33585,0
4707,1
19058,0
11047,1
7555,0
31637,0
14550,1
23996,0
1322,0
8201,0
18191,0
7399,1
3970,1
11219,1
23176,1
22999,1
20409,1
3460,1
12602,1
10104,1
39241,0
29478,0
22040,1
14840,0
8443,0
5485,1
29927,0
30088,0
35372,1
7308,1
23931,0
12285,1
6549,1
25332,0
11075,1
24682,0
14114,1
1159,0
38802,0
30091,0
25002,1
18489,1
8865,0
20732,1
10291,1
5593,0
23076,1
11488,1
19764,0
2694,1
14379,0
38436,0
11861,1
32174,0
23966,0
17411,0
6480,1
14469,0
4276,1
1089,1
3879,1
2140,1
10865,0
17483,1
6874,1
21033,1
436,1
46349,0
38883,0
3969,1
20994,1
8942,1
23940,0
19162,1
44981,0
18682,1
19611,1
38884,0
14574,0
43476,0
965,1
40835,1
20335,1
27463,0
2222,1
42637,1
33118,1
5704,0
37028,0
1989,1
1964,1
17825,1
12336,1
19651,1
29353,1
40194,0
37875,0
43092,0
589,1
1335,1
1011,1
24615,1
17092,1
20149,0
10280,1
17651,0
38872,1
19085,1
601,1
35543,1
15063,1
24574,1
38647,0
17415,0
18008,1
21168,1
15941,0
2425,1
20361,0
4481,1
10428,1
3092,1
37014,0
9064,0
45985,0
7418,1
17842,1
3325,1
4856,1
44684,0
5955,1
349,1
46122,0
32335,0
22161,1
15576,0
13010,0
42326,1
18316,0
278,1
7611,1
392,0
1630,1
45161,1
3971,0
7089,1
4665,0
23040,0
44551,0
26192,1
31920,0
26401,0
18958,0
37818,0
1446,1
44752,0
6554,0
37105,1
11526,0
20513,0
7078,1
25056,1
23551,0
4144,1
4497,1
30725,0
12063,1
17256,0
25229,1
11959,0
1344,1
4,1
3978,1
13957,0
2435,1
7114,0
42846,1
19584,1
26630,0
38704,1
18395,1
38925,1
1024,1
29558,1
30904,0
13716,0
27531,0
40412,0
19859,1
20214,1
11899,1
18162,1
38148,1
12552,1
22335,0
18038,1
7948,0
37850,1
17261,0
3417,0
21170,0
28298,0
471,1
36824,0
4003,1
46177,1
11292,1
15240,0
18540,1
1710,1
1239,1
2458,0
9048,0
386,1
26498,0
35945,0
38728,0
24443,1
1315,1
31250,0
11012,0
21546,0
6565,1
35557,0
5080,1
22953,0
5416,1
19014,1
42041,0
18528,1
36507,0
4078,1
39779,1
7239,1
28883,1
11921,1
10528,0
16095,0
45328,0
37269,0
25742,0
7998,1
22913,1
46278,0
6662,1
6011,1
4474,1
15914,1
6641,1
37092,0
13478,0
4657,1
16531,1
227,1
19568,0
19881,0
28451,1
4771,0
5208,1
6938,1
43474,1
29634,0
10995,0
5838,0
36804,0
548,1
29477,0
7450,0
2313,1
45537,0
25740,1
13755,0
36089,0
6564,0
40266,0
39301,0
34978,0
46007,1
12100,0
33114,0
582,1
22446,0
1473,1
3358,1
3444,0
33686,0
23733,0
1665,1
45446,0
40729,0
33383,1
21193,1
6511,1
36209,0
14997,1
20646,0
12658,0
8708,1
2220,1
19609,0
4501,1
39793,0
15739,0
3634,1
23812,1
5389,1
2498,0
41634,0
2882,1
3265,0
14606,0
39285,0
29791,0
15796,0
44701,0
22076,1
12998,1
33038,1
12506,1
22653,1
20930,1
31919,0
29529,1
23776,0
19329,1
43349,0
3082,0
7365,0
21523,0
7226,1
376,1
14403,1
2382,1
7003,0
14133,1
41301,0
46572,0
45129,0
5615,0
497,1
25064,0
46141,0
14705,1
14002,0
23717,1
10808,0
3740,1
20196,0
7430,1
4444,1
14902,0
9614,0
13000,0
16080,0
20572,0
43828,0
12276,1
29349,0
10112,1
44998,1
39558,1
11884,1
37363,0
14575,0
44224,1
19084,1
35073,0
13011,0
8794,0
33240,0
19553,0
25628,0
371,0
30700,0
45314,0
10616,1
26857,0
33325,1
12617,1
39307,0
44554,0
16495,0
7514,1
20202,0
14587,1
646,0
12580,1
11011,0
39507,0
40760,0
6854,1
12674,1
9188,0
18693,0
14280,1
11611,0
8047,1
9648,0
17186,0
34274,0
31248,0
41690,0
43008,0
19759,1
11052,1
34939,0
43903,0
5584,1
46351,0
44938,0
25138,1
29430,0
3059,0
44097,0
14912,1
6602,1
26207,1
26372,0
15460,1
7288,1
2448,1
24642,0
44161,0
10051,0
10210,1
46255,0
41391,1
31417,0
16235,1
8950,0
7872,1
30356,1
45285,0
30446,0
6627,1
26326,1
16736,0
779,0
12202,1
19684,0
16595,0
6220,1
8469,0
26948,0
19513,1
10660,0
38515,0
3603,1
5425,0
730,1
16254,1
14608,0
17466,1
15055,0
638,1
19902,0
40342,0
1451,1
4401,1
5227,1
42849,0
11826,0
3388,1
4926,1
4025,1
46121,0
21654,1
14601,0
35147,0
46130,0
43450,0
39668,0
5016,1
2606,1
19698,1
37825,0
12247,1
33223,1
6252,1
1956,1
16464,1
35168,0
4713,1
16117,0
16662,0
6254,1
43018,0
39730,0
4857,1
42378,0
6760,0
43141,0
6935,1
45174,1
38311,0
45165,1
38686,0
29650,1
33895,0
12651,1
5822,1
39740,0
5193,0
23355,1
39433,1
15275,0
11471,1
4526,1
32341,0
19890,1
32609,0
36778,1
6931,0
27782,0
25148,0
3062,1
2786,1
4533,1
46241,0
35458,0
32260,0
29112,0
29984,0
11467,0
8800,0
35235,0
17389,0
45408,0
33019,0
2107,0
43631,1
558,1
7541,0
38624,0
33168,1
20531,1
10661,0
8991,0
502,1
34200,0
15047,1
18865,0
14861,1
8373,0
3747,1
3461,1
28599,1
22289,0
43194,0
12295,1
39658,0
15373,1
45487,0
14885,0
13931,1
35602,1
10309,1
6774,0
619,1
19385,0
33004,0
312,1
32753,0
590,1
44140,0
23401,1
30959,0
20614,1
40440,1
38811,0
2256,1
8248,0
28506,0
26781,1
17941,0
3264,1
6221,1
45690,0
20027,0
37761,0
10897,1
6638,1
36904,0
38179,0
21377,0
14111,0
4834,0
39537,0
3540,1
10308,1
2524,1
3001,0
46094,0
41611,1
16026,0
38428,0
21369,0
12757,0
4138,1
5975,0
3169,1
36330,0
13522,1
14633,0
4267,1
28047,1
28076,1
12994,1
11086,1
38570,0
40469,0
34904,0
3173,1
9017,0
37579,0
11163,1
12239,0
46127,0
42117,1
21611,0
36919,0
417,1
38940,0
19498,1
12396,1
43316,0
4715,1
30870,1
37789,0
23307,1
44183,0
29231,0
15089,0
5866,1
30411,1
10332,0
15867,1
7916,0
886,1
41208,1
23922,0
25739,0
12656,0
37724,0
14989,1
39771,0
4414,1
6787,1
834,1
13162,1
8093,0
21944,1
9670,1
16268,0
25955,0
45621,0
37692,0
28664,1
4752,0
28509,0
10184,1
10201,0
28864,0
41402,0
39297,0
18574,1
18548,1
18951,0
9628,1
1477,0
33663,0
4257,1
14682,0
6251,1
8058,0
26165,1
24126,0
25814,0
617,0
42010,0
22285,0
2285,1
46365,0
5361,0
43581,0
13026,0
11628,1
27095,0
24957,0
15357,1
30564,1
3443,1
12209,1
33932,0
13780,0
11676,1
20396,1
7690,0
21012,1
2651,1
13553,0
40356,0
28243,0
9123,1
18375,0
8030,0
18650,0
44456,1
13359,0
11413,1
40905,0
18621,0
38877,1
6982,1
1569,1
30249,1
2362,1
39497,0
6642,1
35276,0
5505,0
843,1
28792,0
44903,0
15448,0
3677,0
11801,1
16466,0
4795,0
36887,0
4541,1
38180,0
3741,1
4103,0
27128,0
6183,1
6533,0
31176,0
14142,0
970,1
30295,1
12460,0
2281,1
9978,0
9743,1
30106,1
37169,0
10559,1
28270,0
45728,0
2580,1
9328,0
3739,1
5161,1
36282,0
41088,1
11197,1
19369,0
23398,0
11168,1
6715,1
42839,1
33552,0
34106,0
2018,1
18546,1
22891,1
17345,0
1051,1
37549,0
25498,0
34072,0
14224,1
42419,0
25410,0
30388,0
15726,0
22517,1
9731,0
17995,0
4074,0
40594,0
20465,1
42523,0
12589,1
40325,0
38081,0
18969,1
263,0
34181,0
33789,0
4557,1
11752,0
3470,1
23854,1
7719,0
38365,0
41742,0
16230,1
205,1
4484,1
26824,1
6838,0
35586,0
4442,1
2366,1
306,0
3309,0
44368,0
8866,0
23031,1
26213,1
3496,1
40884,1
34612,0
20055,0
42606,0
25518,1
14804,1
5760,1
12609,0
18337,1
25151,0
33992,0
40329,1
8806,0
37044,1
25503,0
44457,0
38272,1
6177,0
39950,0
24753,0
5721,1
14546,0
28780,1
38763,0
39957,0
3609,1
26003,1
23632,1
3469,0
2268,1
17,1
14935,0
38152,1
10312,1
7241,1
27567,0
19547,1
5698,1
24102,0
33197,0
43549,0
33350,0
24092,1
11638,0
28255,0
27987,0
37778,0
11622,0
2049,1
6652,1
34842,1
6751,0
2297,0
11629,1
5807,0
10002,0
27465,0
8239,1
27225,0
4654,1
9858,1
16775,0
18743,0
10934,1
30775,1
40719,0
29784,0
32964,0
5868,1
16504,0
27741,0
7362,1
21365,1
19585,1
6349,1
28773,0
44115,0
13252,1
4976,1
2290,1
19535,0
3765,1
40027,0
4186,1
36508,0
1998,1
45905,0
25047,0
6717,1
26299,1
22100,0
45644,0
4262,0
14007,0
46138,0
12710,0
20107,0
10958,1
18478,1
19596,0
34241,1
19937,0
19586,1
4264,1
2289,1
24190,0
22256,1
12545,0
34206,0
19270,1
1905,1
38528,0
10784,0
16168,0
887,1
32514,1
22055,1
17611,1
15686,0
23975,1
31095,0
3506,0
3069,1
10321,0
11516,1
14251,0
34731,1
33351,1
4749,0
6987,1
1629,1
12585,0
2479,1
8784,0
2273,1
7419,1
41001,0
22589,1
3351,1
16708,1
16474,0
17194,0
1050,1
12260,0
3993,0
1012,1
36104,0
4456,1
4212,1
30816,0
702,1
1731,1
3011,1
25198,1
40233,0
28521,0
1950,1
470,1
18207,0
34075,1
7970,0
6484,1
3086,1
14331,0
5531,1
18383,0
6600,1
7754,1
11032,1
15013,1
42217,0
28029,1
35888,0
6813,0
38978,0
6681,0
13137,1
4107,1
23958,0
32269,0
34091,0
44498,0
4255,1
20862,0
43322,0
23785,0
25170,0
16105,0
43065,0
18340,1
26945,0
14589,1
32382,0
18196,1
4494,1
6883,1
15639,0
13012,0
22804,1
2104,1
11263,1
1348,1
45027,0
21910,0
6925,1
30415,0
38524,0
8199,1
5611,1
12659,0
40238,0
6752,0
42605,0
1354,1
14088,0
7177,1
6387,1
24227,0
7651,1
9799,1
29756,0
3606,1
13297,1
409,1
11215,1
5727,1
41979,0
10087,1
45112,1
32892,0
4992,0
235,1
873,0
1339,1
36287,1
15710,0
6211,1
12422,1
27239,0
10180,1
7908,1
27629,0
23563,1
45311,0
23887,1
22675,0
2964,1
27,0
35709,0
1432,1
27101,0
19448,1
2943,1
5232,1
5013,1
5741,0
6852,1
41467,0
10130,0
40290,0
14013,0
8929,0
17840,0
1211,1
32700,0
41731,0
8428,1
36382,0
2981,1
24652,0
3268,1
40725,0
20784,0
20595,0
26538,0
26770,1
835,1
10936,1
7102,0
9388,0
32919,0
43459,0
37450,1
31354,0
1711,0
10270,1
18655,1
29855,0
30031,0
33250,0
3440,1
17484,1
1593,0
1421,1
8603,0
21044,0
43351,1
27150,0
4350,1
44142,0
3117,0
30360,0
15515,1
38068,0
724,0
29062,0
4256,0
29851,0
19782,1
22405,0
4895,0
38225,0
4618,1
23319,1
12801,1
20650,1
3615,1
19921,1
11410,1
5644,0
19625,1
17403,0
10641,0
8317,1
4238,1
20334,0
46447,0
33166,0
34228,1
40217,1
32587,1
292,1
30876,0
45195,0
30622,0
26078,1
2869,0
28044,1
1607,1
18186,1
20867,1
25409,0
44321,1
19869,0
240,0
8764,0
4204,1
30699,0
41711,0
1865,1
1545,1
15675,1
35229,1
24025,1
6950,1
18566,1
30946,0
33759,0
20733,1
37505,1
35951,0
36568,0
2032,1
38298,0
23533,1
19272,1
14124,1
30300,1
1279,1
15953,1
36100,0
3880,0
42835,1
1492,0
4354,1
2523,1
11684,0
20165,0
44957,0
35132,0
30712,0
5934,1
40130,0
15324,1
12167,1
16848,1
34815,0
10987,1
26777,1
41003,0
41455,0
13712,0
6902,0
7683,1
7629,1
41646,0
37140,1
12919,1
21361,1
24568,1
16298,0
45639,0
12353,0
25657,1
12015,1
46089,0
18,1
5291,1
1265,1
5825,1
12662,1
2640,1
43765,1
10927,0
18158,1
33091,0
16939,1
24257,0
13980,0
46461,0
19637,0
5932,1
12799,1
1605,1
0,1
23182,0
10876,1
44280,0
37451,1
34496,1
1565,1
43035,0
40017,0
1618,1
29592,0
26515,0
8283,1
44141,1
31350,0
10472,1
16390,1
6700,0
4301,0
4209,1
3923,1
25915,0
7354,0
36239,1
11925,0
29700,1
7371,0
3421,1
20508,1
17476,0
1297,1
35222,1
40919,0
6103,0
2709,1
42681,0
4217,0
1506,1
44613,0
4383,1
35787,0
3331,1
37523,0
5158,1
33306,0
6498,0
11162,1
3352,1
15687,1
35561,0
32524,0
12648,1
39701,1
8801,0
5246,1
32489,0
29937,0
7670,1
13908,0
34048,1
44240,0
43137,0
18878,0
42443,1
43861,0
22993,0
7258,0
1837,1
11245,0
3253,1
40822,0
4062,1
15229,0
3643,1
29637,0
4445,1
3759,1
21232,0
41820,0
13464,0
11807,0
22946,0
15652,1
3157,1
16171,0
45134,0
926,0
5035,1
30686,0
33738,0
12226,0
7282,1
30586,0
29098,0
4101,1
40677,0
18146,0
42044,0
43991,0
35016,0
2771,1
980,1
29330,0
5223,0
7993,1
18374,1
15064,1
28385,1
39747,0
7314,0
8561,0
14948,0
39723,0
5826,1
22194,0
7382,0
1216,1
3691,1
10401,1
11877,1
42159,1
5134,0
3165,1
35814,0
34674,0
42017,1
6089,1
37237,1
2885,1
29418,0
547,1
32950,0
22071,0
8215,1
7987,1
6643,1
4785,1
45911,0
1562,1
35445,0
2158,0
27505,0
1248,1
10667,1
23447,0
9485,1
25748,0
24448,1
16111,0
2978,1
43160,1
36203,0
7446,0
45305,1
21349,0
4457,1
1592,1
9511,1
1614,1
12464,1
322,0
15615,0
30471,0
18099,0
27935,0
6990,1
1883,1
4922,1
11241,1
26721,0
43024,0
18189,1
28053,1
9883,0
17884,0
8170,1
43742,0
21995,0
43499,0
14904,1
28070,0
14873,0
11037,1
12694,1
5802,1
10458,1
6302,1
16962,0
9688,1
36039,0
6374,1
5479,0
32013,0
45627,0
22849,0
26720,0
4020,1
3226,0
16928,0
14588,1
26551,0
43948,0
13539,1
6664,1
10698,0
488,1
4863,0
11456,1
1978,1
43524,0
1377,1
12547,0
33211,0
41574,0
32258,1
3207,1
8071,1
134,0
4919,1
12151,1
3730,1
4784,1
29236,0
12029,1
35730,0
15206,0
37199,1
5775,1
1438,1
20616,1
20250,1
14352,1
34818,0
38037,0
38200,0
13372,1
10027,0
29036,0
28012,0
6943,1
13165,1
16292,1
36567,0
2156,1
17758,1
8010,1
11872,1
18634,1
13444,1
6216,0
31238,0
18867,0
39353,1
22586,0
11438,0
35923,0
20998,1
11919,0
12025,1
13874,1
1759,0
14775,0
3927,1
19368,0
27403,0
22188,1
20752,1
12712,1
31775,1
14624,1
1072,1
12246,1
33581,0
28756,1
2261,1
2477,0
38270,1
14406,1
21095,0
43466,0
14267,0
6823,0
25926,1
6500,0
24482,0
4352,0
242,1
11309,1
34450,0
11650,0
8802,0
37016,0
40544,0
45483,0
61,1
17268,0
3534,1
17015,1
2802,1
26815,0
10247,0
36703,0
45843,1
1424,0
21489,0
3183,1
17383,0
2777,1
5964,1
26513,0
4056,1
7747,0
3154,0
4486,1
11303,1
21052,1
25038,0
33334,0
2422,1
24362,1
33873,0
38761,0
22676,0
44772,1
24186,0
39335,1
20640,0
18739,1
12853,1
4135,1
32917,1
21764,0
33544,0
28800,0
15651,1
18288,0
46617,0
9004,0
18877,0
29682,0
10554,0
33260,1
37296,0
20006,0
33002,1
38045,1
4440,1
24894,0
5919,1
4241,0
25947,1
40626,0
26940,0
9395,0
26775,1
18623,0
696,0
2338,1
24087,0
44896,0
1717,0
12148,1
4387,0
20668,0
38795,0
11747,1
18751,0
2076,0
8314,1
40148,0
40307,0
46005,1
1013,1
37086,1
7603,0
17252,0
21304,1
3576,1
7004,1
20904,0
12122,1
34193,0
32044,0
23626,0
9151,0
11686,0
45021,0
5589,1
14890,0
18465,0
25253,0
34158,0
37819,0
339,1
23668,1
17789,1
23441,1
9383,0
42040,0
16127,0
31532,1
8490,0
3164,1
5021,1
46549,0
28540,0
3024,1
2613,1
15113,0
11655,1
23929,0
8902,0
45070,0
12203,1
5928,1
30949,0
18521,0
653,0
41261,0
22652,1
3200,1
18910,0
20861,1
3172,1
16462,1
30525,1
8210,1
2611,1
31450,0
8748,0
447,0
24179,0
7766,0
7060,1
37917,0
32413,0
18290,1
3776,1
3123,1
32679,0
8125,0
4899,1
20403,0
44612,0
39595,0
4726,0
43533,0
22341,1
17781,1
35301,0
29677,0
868,1
4884,1
41480,0
1435,0
4891,0
38492,0
2013,0
603,1
1880,1
14978,0
41187,0
20276,1
39835,0
2183,1
33983,0
45499,0
6482,0
45762,0
30184,0
6042,1
17555,0
13181,0
29787,1
12016,0
14126,0
17637,1
37962,0
13574,0
5364,1
32747,0
42432,0
15893,0
22177,0
20200,0
11093,1
295,1
8222,1
5869,1
15198,1
13892,0
1346,1
30761,1
11783,1
33359,0
43617,0
4595,1
45188,0
44798,1
2549,1
13734,1
28024,0
6768,1
38701,1
31980,0
14387,1
42350,0
7602,0
29725,1
10632,1
1751,1
29997,0
13021,1
7787,1
30594,1
13006,1
29013,0
2084,0
24221,0
2624,1
45768,0
2928,1
5823,1
4099,1
12468,1
13921,1
1257,1
16585,0
40209,1
3932,1
822,1
39905,0
1894,1
1965,1
20764,0
16989,0
4514,1
24684,1
3544,1
18694,0
18280,0
16183,0
2868,1
28676,0
12568,0
5473,0
41211,0
6071,0
13554,1
41722,0
38011,0
3088,1
14597,1
12192,1
10783,1
489,1
24570,1
40211,0
24438,1
22671,1
34391,1
14196,1
45245,0
19239,1
20879,0
13409,1
1922,1
9821,1
44348,0
37949,0
22706,0
9366,0
10328,0
37468,0
33798,0
26949,0
36095,0
2930,1
7208,1
1332,1
19954,0
24657,1
3658,1
42384,0
47,1
10177,1
46229,0
7356,1
35335,0
45283,0
46433,0
35312,0
38730,1
6972,1
31013,0
4304,1
43330,0
12290,0
33464,0
1776,0
12104,0
24067,0
4146,1
1301,1
2279,1
27229,0
35927,0
2769,1
10887,0
33248,1
21440,0
26300,0
19478,0
313,1
15593,1
3043,0
1063,1
25504,0
2977,1
12524,1
20967,0
16226,1
17636,0
30167,1
28393,1
22964,1
20314,1
16150,1
39313,0
39898,0
21875,0
6793,1
41397,0
21505,1
13445,1
33372,0
43757,0
6539,1
26400,1
8827,1
16947,1
45232,1
16542,0
6145,1
9252,1
11954,1
2000,1
10454,0
42111,0
5163,0
19891,0
19222,0
5,1
44314,0
38566,0
3901,1
31774,0
25098,1
11836,1
33257,0
12895,1
21307,0
7229,0
1207,1
1121,1
29573,0
30118,0
12534,1
41146,0
44949,0
3057,1
36577,0
12890,1
33476,0
8320,0
38629,1
3660,1
13650,1
1300,1
11455,0
12722,1
569,1
27524,0
6541,0
1365,1
37442,0
1591,1
18224,1
9353,0
6119,1
29277,0
6423,1
1868,1
17567,0
33273,1
22703,0
16610,0
9021,1
8263,1
42135,1
32519,0
4772,0
29200,1
32849,1
15412,1
19380,0
7548,0
1186,1
435,1
31535,0
45744,0
4492,1
39294,0
6019,0
6175,1
8045,0
9275,0
11226,0
43743,0
10674,0
2902,1
10093,1
27927,0
587,1
8766,1
3066,0
192,1
16353,0
40490,0
19740,0
42755,0
40866,1
221,1
37696,0
20018,0
18801,0
16530,1
31262,0
7906,1
24449,1
30501,0
28452,0
920,1
5181,1
469,1
6269,1
20153,0
2314,1
23259,0
26246,1
7315,0
11225,1
9287,1
3785,1
6896,1
42483,0
4113,1
27728,0
4577,1
17439,0
17858,1
6323,0
16301,1
31003,0
2797,0
44997,1
24361,1
23128,0
41173,0
10637,0
4832,0
8182,0
2177,1
14648,0
6668,0
7954,1
19576,0
24269,0
11238,0
39,1
11636,1
14308,0
7990,1
41266,0
20552,0
426,1
4066,1
46620,0
1873,1
17008,0
2141,1
39529,0
2326,1
44364,1
12616,1
11916,1
37533,0
15920,1
15768,0
1849,1
28016,0
1110,1
30765,0
11688,0
31208,0
19284,0
34226,0
30097,0
9483,1
10088,1
28490,0
26469,0
26613,0
32930,0
5716,1
29721,0
9713,1
30076,1
14263,0
9255,1
16924,0
3177,1
2197,1
12989,0
45591,1
483,1
32922,1
12527,0
9797,1
32326,1
2917,0
20651,0
1393,1
20228,0
26332,0
23752,1
3916,1
10909,1
10478,1
6712,0
40165,0
13053,1
1252,1
24197,0
3342,1
18925,1
927,1
3893,1
9244,1
7332,0
4198,1
15285,0
2363,1
26343,0
43746,0
1615,1
1539,1
4937,1
23429,1
37822,0
40862,1
6674,1
46025,0
3803,1
25311,1
32522,0
5777,1
46045,0
43536,0
6578,1
16944,1
11682,0
244,1
4493,1
6934,1
11702,1
18974,1
14329,1
73,1
40981,1
8236,1
43367,0
23702,1
19939,1
33840,1
42783,0
7302,1
3731,1
5636,1
20801,1
4111,1
2345,0
41153,0
20731,0
22485,1
8937,0
29593,0
11284,0
38329,0
3179,1
10157,1
22620,0
42129,0
27109,0
16791,0
36229,1
3917,1
1019,1
20324,1
2503,1
35624,0
8494,1
37061,1
37756,0
12702,1
23293,0
2011,1
17216,0
2921,1
45325,0
20131,1
2577,1
17160,0
6957,1
897,1
38325,0
17470,0
8864,0
41878,0
12068,1
1683,1
15873,0
1574,1
16432,0
23508,0
19004,0
16659,0
23967,1
4031,1
14908,0
24012,1
18907,0
15341,0
13340,1
15144,1
9312,0
6865,1
24698,1
41504,0
24833,0
39712,0
10100,1
30269,0
5183,1
5226,1
41774,1
10539,1
21477,0
2949,1
3528,1
25378,0
15931,0
38055,0
5002,1
26956,1
31736,1
2495,1
15975,1
29574,0
34586,0
790,1
33215,1
11943,0
4452,1
27022,0
11630,1
7521,0
17140,0
38608,0
5084,1
33567,0
42440,0
18962,1
6506,1
16196,1
25312,0
31088,0
12879,0
28146,0
22067,0
7289,1
8986,1
19163,1
28944,0
23574,0
1441,1
41819,0
40504,1
19645,1
5649,1
1115,1
914,1
43785,0
17841,1
20736,1
30522,0
18988,1
1854,1
35936,0
4756,1
5094,1
6194,0
2999,1
23524,1
4132,1
12110,1
46330,1
28214,0
3247,1
12020,1
34975,0
1174,1
35321,0
43526,0
2344,0
37212,0
42688,0
4147,1
16877,0
828,0
7186,1
37321,1
6540,1
11045,0
27695,0
5839,1
37735,0
26778,1
907,1
18742,0
11441,0
1622,1
2394,1
37327,1
10071,0
1227,0
14014,1
76,0
23146,1
12345,0
15924,0
6501,0
19802,0
41336,0
35000,0
36850,1
43371,1
17504,0
43972,1
34582,0
16731,0
25202,0
17067,1
29239,1
15011,1
30213,0
41281,1
37652,0
42566,1
17722,0
2650,1
20697,0
5442,1
9024,1
11067,1
31195,0
26286,1
35926,0
32754,1
21251,1
7695,0
22275,1
16888,0
39182,0
20873,1
46317,0
8086,0
2976,1
2601,0
13108,1
18330,0
25274,0
14897,0
12074,1
44990,0
15031,0
3168,1
12197,1
6422,1
16354,0
1895,1
2316,1
4568,0
17828,1
38126,0
5178,1
6391,1
13034,0
7739,1
5969,0
29676,0
1971,1
6335,1
12844,0
22855,1
1116,1
36900,1
31280,0
10788,0
18649,1
4136,0
20346,0
40831,1
3152,1
31713,0
8817,0
25200,0
10982,1
6420,1
38630,0
35830,0
20111,0
23850,0
19341,1
18820,1
42053,0
21126,0
2929,1
28132,1
32958,0
1747,1
15260,1
743,0
3593,1
10819,1
27411,0
25061,1
11310,1
36080,0
13049,1
37401,0
9918,0
40885,0
42881,0
16854,1
20265,1
30813,0
26214,1
30639,1
10742,1
16173,0
8599,0
20476,0
585,1
1494,1
21609,1
34943,1
7107,0
20730,1
33615,1
39154,0
454,1
33251,1
7243,0
14350,1
14586,0
22744,1
5671,0
42609,0
32477,0
22116,0
40107,0
5966,1
3345,1
22278,0
27773,0
25527,0
21160,1
42687,1
36086,0
3871,1
39089,1
8246,0
22211,1
45089,0
1171,1
23951,0
30901,0
11850,0
43263,0
36799,1
36925,0
3240,1
5789,0
45366,0
4244,1
17147,1
35407,1
45259,0
3030,1
36698,0
17347,1
34336,1
5184,1
20522,0
5132,1
25241,0
13237,1
26509,0
25712,0
36233,1
27316,0
12525,1
42754,0
12860,1
46326,0
14907,0
15046,1
4260,1
1350,1
24325,1
23835,0
28544,0
20753,1
46158,0
25691,0
21692,0
7388,0
39697,1
9735,1
37897,0
28087,0
344,1
15079,1
23545,1
20991,0
1234,1
1822,1
15154,1
7971,1
41582,1
340,1
7292,1
36999,1
24925,0
28423,0
8358,0
28545,0
7757,1
31654,1
105,1
5940,0
40765,0
9197,1
27338,0
4353,1
37319,0
22384,0
8808,0
32675,0
38720,1
16119,0
41196,1
18802,0
18573,1
24073,1
1728,0
22241,1
45119,1
5874,0
36361,0
3663,1
44781,1
46266,0
17721,1
33048,0
35279,0
10670,0
28277,0
12653,1
9107,0
24561,1
18930,0
33700,0
40014,1
36762,0
7200,0
14447,0
17285,1
26656,1
7168,0
6962,1
14431,1
17129,1
285,0
264,0
32589,0
3328,1
10707,0
42980,1
2446,1
15801,0
11114,1
45417,0
26485,1
22861,1
12314,0
29675,1
2176,1
10993,0
517,0
4766,1
41663,1
43405,0
33948,0
33541,1
5281,1
5097,0
14510,0
2093,1
2357,1
342,0
1411,1
11755,1
32327,1
11520,1
40628,0
2192,1
8268,1
5756,0
33281,0
7816,0
28660,1
4483,1
14025,1
8167,1
15076,1
8186,1
3617,1
5254,1
437,1
12021,1
20615,0
446,1
25379,1
40924,0
46085,0
7696,1
39251,0
6994,0
9481,0
1909,1
33572,1
5318,0
44119,1
36593,0
19247,1
36989,0
28199,0
34339,0
34447,0
42635,0
4923,1
1128,1
10976,1
26863,0
20645,1
7881,1
2318,1
45414,1
35144,0
15310,1
17634,1
15123,0
452,1
39062,0
25824,1
1039,1
33292,0
859,0
23408,1
7340,1
34302,0
34005,0
6444,1
40727,0
12756,1
4898,1
6535,1
9671,1
8437,0
15000,0
34567,0
3914,1
2095,1
41131,1
24200,0
45294,1
36775,0
43612,0
41274,0
44347,0
2782,1
17255,0
373,0
20517,1
42642,0
30472,0
3557,0
14430,1
7551,1
662,1
39431,0
28680,0
420,0
15476,0
17243,0
3912,1
45258,1
23727,0
2186,1
23281,0
20981,0
1220,1
1070,1
34523,0
7161,0
11022,1
27168,0
21248,0
2756,1
20735,0
10575,1
5604,1
38700,1
5332,1
25242,1
25936,0
12763,0
46096,0
41267,0
4759,1
3962,1
17295,0
2827,1
7066,0
31909,0
40135,0
28880,0
22240,1
34082,0
25033,0
8473,1
35152,0
10017,1
45126,0
33691,1
5454,1
12139,1
8339,1
19351,0
4176,1
5586,1
45539,0
7091,1
26110,0
1349,1
10205,0
5662,0
31216,0
37860,0
12548,1
36553,0
34526,0
12325,1
36826,0
2995,0
19179,0
4378,1
10431,1
34761,0
5368,0
35173,0
33862,0
4128,0
44259,1
43544,0
17775,1
6949,1
39319,1
35550,0
42994,0
10970,0
286,1
1200,1
40657,0
6599,0
246,1
44783,0
12128,1
12569,1
911,1
2490,1
28476,0
1407,1
6671,1
6426,0
35612,0
23382,0
44730,1
41999,0
39954,0
6173,1
43336,1
32852,0
16571,0
32590,1
11068,1
13860,0
16752,0
4019,1
37382,0
14685,0
45022,0
42735,1
8104,0
915,1
25301,0
2993,1
12982,1
10382,0
23482,0
171,1
6274,1
25231,0
15118,0
27831,0
8637,0
35716,0
18971,0
44482,0
1113,1
21300,1
17118,1
10607,0
2860,1
8187,0
32722,0
22014,1
24562,0
3942,1
21891,1
13068,0
459,1
30951,1
24671,1
15752,1
904,0
1323,1
33637,0
40707,1
38117,0
4826,1
8179,1
7417,1
256,1
608,1
34548,0
16564,0
33606,0
1726,0
10237,1
34063,1
36954,0
13244,1
30606,1
11546,1
19825,1
4706,0
34150,1
44459,1
4987,1
44,1
16635,1
38589,0
9740,1
7151,0
24002,0
19331,0
40253,0
42486,0
18427,0
12706,1
24720,0
30874,0
24513,1
32543,0
36238,1
11484,0
30669,0
14416,1
269,1
36134,0
35965,0
21339,1
25537,0
18179,1
6997,1
28294,0
37148,0
1879,1
5650,1
3985,1
40050,0
511,0
10117,0
16453,0
6685,1
13660,0
10204,0
3964,1
30195,0
20619,1
27945,0
7689,1
46187,0
14250,1
1025,1
6756,0
899,1
8275,0
16099,0
3909,1
11394,1
2142,1
42638,1
34016,0
7457,1
23459,1
21005,0
44460,0
2931,1
14569,0
8847,0
1597,1
29347,0
13845,1
39564,0
16300,0
16415,0
17011,1
293,1
16372,0
24218,0
2424,1
13651,1
33808,0
3162,1
87,1
27569,0
16841,1
36888,1
20525,0
12652,1
25216,0
46175,0
4628,0
15680,0
37930,0
42878,0
5296,1
7793,1
41898,0
5899,1
29045,1
26988,0
4737,1
7985,1
23657,0
2548,1
8701,1
31767,1
36991,0
28137,0
1449,1
38077,0
21708,0
11908,1
39758,1
1604,1
37504,1
10690,1
2698,1
16180,0
22622,0
2162,1
8811,0
10426,1
42011,0
12649,0
6459,1
4687,1
37051,1
36228,1
18857,1
46388,0
39263,0
37315,1
23412,1
26035,0
46571,1
19077,0
14611,1
2595,1
8839,0
12302,0
6122,0
27414,1
17061,0
44096,0
41080,0
8918,1
15972,0
7414,1
15682,1
24396,1
5703,1
15032,1
6360,0
4617,1
13552,0
5258,1
786,1
19458,1
19582,0
10294,0
11095,1
14938,0
26786,1
10664,1
16747,0
4028,1
492,0
29916,1
3296,1
19193,0
4768,1
25482,0
16805,1
4312,1
10697,0
27092,0
42132,0
42202,0
29844,0
18314,1
39694,1
7116,0
26852,1
9582,1
2271,1
3725,1
13164,0
37615,1
4158,1
12792,0
38094,0
44252,0
14666,1
9292,0
8853,1
9542,1
25034,0
31838,1
19056,0
21032,1
46194,0
23110,1
35240,0
6404,0
7682,1
1936,0
34295,0
32698,1
12390,1
13360,1
19647,1
22475,1
10092,1
33463,1
12331,0
44430,0
22274,1
14723,1
4246,1
21397,0
7945,1
10649,1
42669,0
23249,1
17094,1
23435,1
21260,0
41965,0
11537,0
10337,0
12118,1
43949,0
2310,1
5500,1
44332,0
9586,1
31776,1
23320,0
8409,1
36728,1
10065,1
29617,0
14487,0
28054,0
3882,1
36481,0
27922,0
41679,1
33509,1
6584,1
4838,1
10128,0
12807,1
28046,1
32926,0
38688,0
10004,0
29273,0
22678,0
26795,1
8079,0
8415,0
11388,1
44807,1
35976,1
518,1
40392,1
18856,0
45932,0
20408,0
6615,1
45421,0
36119,0
36350,0
3203,0
15851,0
36812,0
36232,1
11235,1
3271,1
8112,0
1153,1
9899,0
17605,0
1518,1
22737,1
45677,0
5888,1
7814,1
40156,0
1931,1
3598,0
21633,0
40641,0
3456,1
4362,1
15575,1
25109,0
18778,0
18448,1
288,1
22687,1
28661,1
40887,0
29548,1
39422,1
43177,0
36074,0
4555,1
23732,1
44749,0
28650,0
38069,0
2202,1
36526,0
18628,0
40492,0
10102,1
20681,1
3008,1
39247,0
18527,0
21815,0
7942,1
38121,0
17145,1
5597,1
37050,1
6782,1
1876,1
28647,1
23472,1
45730,0
10693,1
42048,1
2991,1
8536,1
6799,1
6497,1
12050,1
28741,1
46543,1
22669,1
1749,0
11786,1
8754,0
27837,0
4774,0
15050,0
15742,1
37073,0
26325,0
13298,1
2701,1
37613,1
43285,0
12624,1
14994,1
11937,1
31438,0
2002,1
207,0
5367,0
21666,0
41010,0
12168,1
17820,0
16208,1
45832,0
2078,1
966,1
31688,0
46519,0
16286,0
10990,1
3458,0
24056,1
30869,1
3072,0
19616,0
1066,1
38863,0
14476,0
21272,0
11873,0
2602,1
25222,1
8264,1
5476,1
16785,0
22403,1
27162,0
4676,1
8820,0
19900,1
44911,1
19015,0
42945,0
43262,1
23314,1
42612,0
43261,1
22281,0
35151,0
27449,1
10198,1
8976,0
17073,0
3889,1
10310,1
17017,1
17002,0
5609,1
9568,0
12057,0
33461,1
13102,0
9854,1
12866,0
44121,0
37891,0
31168,1
35198,1
43284,0
2421,1
46124,0
29113,0
1890,1
17902,0
2658,1
26436,0
13870,0
4439,0
24852,0
45962,0
1189,1
26047,0
5583,1
18507,0
37632,0
19261,1
16051,1
9811,1
11929,0
9763,0
41770,0
13646,1
1756,1
8744,0
33662,0
31842,0
36895,0
25213,0
19454,0
20050,0
17904,1
14455,1
33723,0
4573,1
42658,1
40541,0
3771,1
3180,1
2687,1
11985,1
31974,0
9057,1
23222,0
24351,0
11384,0
2274,1
2600,1
2814,1
35946,0
22450,0
4621,1
2033,1
17923,0
42430,0
20426,1
18133,1
4729,1
31406,0
23634,1
18855,1
15957,0
26158,0
23129,0
35776,0
3573,1
33962,0
7352,1
3132,0
24892,0
15003,1
10633,1
2897,1
24985,0
32746,1
46185,0
24632,1
37763,0
4409,1
354,1
46570,0
24392,0
39333,1
37230,0
20558,0
3353,0
1815,1
2589,0
36941,0
22036,1
14729,1
44316,1
36441,0
40313,0
8173,0
4880,0
18864,1
23285,0
13294,0
6891,0
1891,1
18047,1
2785,0
17519,0
36614,0
27286,0
31227,0
22751,0
19961,1
27453,0
18684,0
25525,0
36115,0
11121,0
1268,1
25980,0
8155,0
26114,0
33834,0
2203,1
10953,1
39979,0
20251,0
20667,0
1481,1
4776,1
9011,0
22327,1
8532,1
3385,1
44035,0
42119,1
46290,0
1834,1
26562,0
5051,1
1832,1
24944,0
38189,0
14872,0
17271,0
15826,0
17515,0
6710,1
16258,0
1090,1
16485,0
9976,1
23635,1
5933,1
39971,1
6502,1
24072,1
31747,0
6639,0
4115,1
11368,0
5575,1
12242,0
23827,0
2244,1
39852,1
12703,1
1583,1
25761,0
1953,1
10904,1
1352,1
2488,1
23010,0
42253,0
2280,0
27068,0
22120,1
5239,0
23567,0
597,1
45183,0
13480,1
10564,1
6029,0
41430,0
22244,1
27235,0
7815,1
23628,1
11433,1
6558,1
12908,0
13200,1
11796,0
24037,0
25995,1
2676,0
3355,1
42131,0
18156,1
43943,0
1487,1
37492,0
10329,0
40384,0
37563,0
37302,0
11889,1
43094,1
7801,1
29488,0
2671,1
2282,1
3587,1
11967,1
33976,0
3231,1
46536,0
25471,0
8973,1
3483,1
15322,0
43634,0
18412,0
7172,1
3411,1
8295,1
10219,0
26057,0
43280,0
35391,0
9707,1
39246,0
46067,1
4625,1
35259,0
1847,1
7230,0
36348,0
27148,0
3486,1
44618,0
6969,1
21255,1
6125,0
32841,1
215,1
7781,0
2376,1
11053,1
14590,0
4550,1
17100,1
1911,1
30371,0
41599,0
32784,0
19143,1
15339,0
31400,0
1784,1
21273,0
23644,0
34947,0
20802,0
6372,0
22591,1
17396,1
14291,0
10844,0
5129,1
31196,0
44778,0
20989,0
39117,0
198,1
24857,1
532,1
30189,0
36289,0
4520,1
1904,1
35250,0
19990,0
21073,0
4732,1
42359,0
44384,1
618,1
40669,1
4951,1
32124,0
23797,1
36779,1
1243,1
20437,1
14123,1
34125,0
30212,0
19517,0
41604,0
41359,0
20705,1
6655,1
2745,1
21649,0
24560,1
18530,0
19240,1
22983,1
24884,0
10028,0
16085,1
15332,0
26528,0
28033,1
7515,1
1983,1
663,0
30397,0
36637,0
46149,0
1846,1
19180,1
42719,0
12450,0
37317,0
27136,0
16393,1
18715,1
22220,0
12696,1
12114,0
28630,0
2972,1
26043,0
8582,0
5483,1
23204,0
33234,0
4026,1
8165,0
40745,0
2916,1
17318,0
3968,1
6411,0
3022,1
13232,1
24091,1
44396,1
4564,1
37977,0
29834,0
14689,0
43298,0
2628,1
14344,0
3554,1
30593,0
43673,0
13723,0
6544,1
9474,0
24535,0
21597,0
12906,0
27743,0
34717,1
11074,1
5187,1
10802,1
45757,0
28636,0
26766,1
30050,0
4943,0
16490,0
507,1
20506,0
16078,0
11046,1
8656,0
2377,1
1913,1
13725,1
16744,1
30767,1
2561,0
44255,0
13429,1
3630,1
239,1
17857,1
2378,1
3676,1
3365,0
23121,0
26287,0
7921,1
17217,0
12921,1
4408,1
39110,0
37981,0
8175,1
16,1
27026,0
12502,1
7069,1
33820,0
12322,1
990,1
2801,1
31976,0
11248,0
5237,1
15519,1
36717,0
17473,1
28596,0
19079,0
38476,0
6593,1
7544,0
37220,0
37657,0
6633,1
8313,1
37942,0
14969,0
5133,1
2522,1
17048,0
39683,0
15658,1
45861,1
2862,1
11096,1
20780,0
3048,1
6940,1
3524,1
3715,0
12037,1
34573,0
22360,0
33399,0
18913,1
6040,0
25536,0
26024,0
24902,0
41976,0
9171,0
21873,1
13786,1
9573,1
7341,1
36279,1
2633,1
28142,0
10349,1
32193,0
1489,1
20722,0
7848,0
7428,1
3299,1
7864,1
4307,1
24293,0
5634,0
35780,0
41073,0
30794,0
34753,0
27084,0
9473,1
39870,0
30647,0
18803,0
7099,0
28083,1
10031,0
4917,1
45079,0
11156,1
17193,1
43437,1
22834,0
17393,0
9025,1
3672,1
11802,0
23925,0
28998,1
15033,0
2133,0
13787,0
20581,1
6086,1
14566,1
5359,1
13687,0
12471,0
44638,0
12190,1
21226,1
2198,1
5729,1
40771,0
34565,0
17979,0
5621,1
31493,0
15178,1
12077,0
22552,0
26376,0
14081,0
6741,1
6066,0
36408,0
7360,1
9031,1
17001,1
36988,0
7627,1
21492,1
1724,1
26618,0
19114,1
20594,1
5327,0
19955,1
17792,0
1418,1
46147,0
9994,0
31558,0
3919,1
5455,1
4046,0
44791,0
13364,1
4249,1
12174,1
32111,0
6080,0
1855,1
13999,1
7402,1
18445,1
9673,0
13663,1
25669,0
27097,0
7452,0
22202,0
20229,0
20387,0
26027,0
45733,0
13822,0
42696,0
3393,1
26962,0
22346,1
37245,0
5172,1
5516,0
40339,0
40516,0
12476,1
24599,0
1357,1
12717,0
17779,1
13168,1
12582,0
18781,0
16951,1
20235,0
34219,0
21276,1
17848,0
41568,0
43678,0
42345,1
22684,0
41248,0
22322,0
10194,0
28081,1
12095,0
3922,1
34130,1
5155,1
43044,0
43721,0
13846,0
40231,1
17231,1
7665,1
19189,1
24661,1
36320,0
11704,1
18542,0
34285,1
7454,0
32312,0
5157,1
37079,0
12319,1
5180,1
8717,0
35112,0
37531,1
2154,1
4622,1
38937,0
30094,0
19783,1
28994,1
11777,1
997,1
26742,0
11485,0
17290,1
7212,0
45308,1
4906,1
22497,1
35649,1
19673,0
9101,0
43920,0
3418,1
1670,1
40644,1
162,1
12917,1
7796,0
34889,0
15146,0
41433,0
45525,0
2438,1
27582,1
12421,1
3828,0
43189,1
21011,1
30466,0
4827,0
39776,1
2617,0
19601,1
32894,1
9579,1
2361,1
486,1
17038,0
13947,0
10277,0
15077,0
24609,1
13835,1
37729,1
1091,1
43750,0
4975,1
4139,1
10,1
26248,0
34175,0
1681,1
41162,1
26041,0
6720,1
46493,0
32656,0
8956,0
28049,1
31474,0
18347,1
23681,1
35298,1
19065,0
26782,1
5020,1
135,1
1796,1
9479,0
1263,1
38149,1
33279,0
39200,0
13225,1
5935,0
29340,1
6803,1
38250,0
5788,1
1535,1
16753,0
388,1
31708,0
1781,1
39453,1
40910,0
19871,1
44856,1
21406,0
15729,0
18173,0
21667,1
4575,1
12056,1
45765,0
23659,0
37604,0
31251,0
3522,1
22351,1
8726,1
9453,0
1030,0
1218,1
19978,0
1329,1
28838,1
28043,1
25513,0
13436,0
21075,0
11497,0
461,1
11902,0
33105,1
34192,0
21566,0
5230,1
17032,1
3515,1
31298,0
46275,0
24113,1
37266,1
3886,1
24417,0
11503,1
11619,0
4423,0
43987,0
8915,1
14172,1
1111,1
11532,0
32790,0
13949,1
14435,1
5563,1
14765,0
6212,1
5913,1
39221,0
1888,1
37027,0
15984,1
43086,0
44152,0
18475,1
573,1
36375,0
22113,1
28389,1
7065,1
21614,0
27854,0
26330,1
38735,0
6618,1
3337,1
1541,1
23112,0
34246,0
6206,1
1823,1
2575,0
34883,0
2476,0
1733,1
34385,0
3407,1
15056,1
17927,1
25024,0
35055,0
36073,0
21681,1
2502,1
16062,0
19018,1
15827,1
19457,0
2675,1
43401,1
2518,1
11104,1
35376,0
34600,1
18423,0
23568,0
30404,1
27050,0
9118,1
34770,0
29029,0
36385,0
45145,0
42655,1
1316,1
4801,1
2148,0
8277,0
6451,1
12034,1
26921,0
11779,1
16463,1
7992,1
22421,1
8793,0
6001,0
24045,0
29,0
36321,0
18378,0
36735,0
14960,0
2099,1
16971,0
24835,0
12030,1
5865,1
24075,0
2309,1
8266,0
21800,0
12064,1
19041,0
22167,1
38717,0
32384,1
8951,0
3608,1
41491,0
40406,1
7640,1
42792,0
11924,1
31540,0
43138,1
1427,0
46485,0
46180,0
31014,0
9737,1
21860,1
30399,0
10908,1
11102,1
21758,1
6836,1
16375,1
2778,1
25315,0
2195,1
44933,0
37385,1
21189,1
11436,0
39441,0
12467,1
11668,1
35911,0
6954,1
20954,0
6031,0
18585,1
3697,1
289,1
42473,0
18256,0
39770,0
16328,0
4451,1
44805,0
3077,1
45439,1
29409,0
6534,0
3044,0
27668,0
23915,0
14160,0
6202,1
12983,1
7530,0
23063,0
42066,1
3371,0
30435,0
42677,1
20126,1
23930,0
19022,1
22009,1
15253,0
22492,0
17761,0
836,1
18929,1
6704,0
35938,0
21239,1
1748,1
24668,1
4589,1
14207,1
2007,1
2323,1
4535,1
43379,0
25704,1
32169,1
11744,1
12749,1
39848,0
3892,1
1677,0
24807,1
19416,1
5572,0
39553,0
8881,1
12644,1
2191,1
31259,0
42546,1
3459,1
36839,0
43420,0
11797,1
15731,0
7234,1
44423,0
30801,0
32077,0
13654,0
42823,0
9074,0
5956,1
39680,0
24284,1
10160,0
1534,0
2783,1
691,1
27064,0
4549,0
40346,1
11398,1
24885,0
30941,0
19663,1
21171,1
39216,0
1034,1
22452,0
1188,1
7012,1
27673,1
17794,1
36311,0
29541,0
31257,0
4722,0
715,1
34736,0
24595,0
29250,0
35325,1
6156,1
39843,0
42211,0
15634,1
3671,1
38854,0
19044,0
39622,1
25584,0
31986,0
38095,0
23660,1
1626,1
31600,1
25304,0
27043,0
3745,1
16362,0
14166,0
35896,0
39854,1
11148,0
44915,0
9066,1
21723,0
4106,1
1040,1
41489,1
3744,1
5778,1
7086,1
974,1
7377,1
20354,1
1077,1
19658,1
25703,0
